[{"model": "admin.logentry", "pk": 1, "fields": {"action_time": "2021-05-01T07:10:33.242Z", "user": 1, "content_type": 8, "object_id": "testing", "object_repr": "Тестирование", "action_flag": 2, "change_message": "[{\"changed\": {\"fields\": [\"Picture\"]}}]"}}, {"model": "admin.logentry", "pk": 2, "fields": {"action_time": "2021-05-01T07:10:46.413Z", "user": 1, "content_type": 8, "object_id": "products", "object_repr": "Продукты", "action_flag": 2, "change_message": "[{\"changed\": {\"fields\": [\"Picture\"]}}]"}}, {"model": "admin.logentry", "pk": 3, "fields": {"action_time": "2021-05-01T07:10:52.201Z", "user": 1, "content_type": 8, "object_id": "management", "object_repr": "Менеджмент", "action_flag": 2, "change_message": "[{\"changed\": {\"fields\": [\"Picture\"]}}]"}}, {"model": "admin.logentry", "pk": 4, "fields": {"action_time": "2021-05-01T07:10:59.563Z", "user": 1, "content_type": 8, "object_id": "gamedev", "object_repr": "Геймдев", "action_flag": 2, "change_message": "[{\"changed\": {\"fields\": [\"Picture\"]}}]"}}, {"model": "admin.logentry", "pk": 5, "fields": {"action_time": "2021-05-01T07:11:00.877Z", "user": 1, "content_type": 8, "object_id": "gamedev", "object_repr": "Геймдев", "action_flag": 2, "change_message": "[]"}}, {"model": "admin.logentry", "pk": 6, "fields": {"action_time": "2021-05-01T07:11:07.211Z", "user": 1, "content_type": 8, "object_id": "frontend", "object_repr": "Фронтенд", "action_flag": 2, "change_message": "[{\"changed\": {\"fields\": [\"Picture\"]}}]"}}, {"model": "admin.logentry", "pk": 7, "fields": {"action_time": "2021-05-01T07:11:12.250Z", "user": 1, "content_type": 8, "object_id": "devops", "object_repr": "Девопс", "action_flag": 2, "change_message": "[{\"changed\": {\"fields\": [\"Picture\"]}}]"}}, {"model": "admin.logentry", "pk": 8, "fields": {"action_time": "2021-05-01T07:11:16.995Z", "user": 1, "content_type": 8, "object_id": "design", "object_repr": "Дизайн", "action_flag": 2, "change_message": "[{\"changed\": {\"fields\": [\"Picture\"]}}]"}}, {"model": "admin.logentry", "pk": 9, "fields": {"action_time": "2021-05-01T07:11:21.675Z", "user": 1, "content_type": 8, "object_id": "backend", "object_repr": "Бэкенд", "action_flag": 2, "change_message": "[{\"changed\": {\"fields\": [\"Picture\"]}}]"}}, {"model": "admin.logentry", "pk": 10, "fields": {"action_time": "2021-05-01T07:17:39.993Z", "user": 1, "content_type": 7, "object_id": "1", "object_repr": "Workiro", "action_flag": 1, "change_message": "[{\"added\": {}}]"}}, {"model": "admin.logentry", "pk": 11, "fields": {"action_time": "2021-05-01T07:18:12.455Z", "user": 1, "content_type": 7, "object_id": "2", "object_repr": "Rebelrage", "action_flag": 1, "change_message": "[{\"added\": {}}]"}}, {"model": "admin.logentry", "pk": 12, "fields": {"action_time": "2021-05-01T07:18:43.498Z", "user": 1, "content_type": 7, "object_id": "3", "object_repr": "Staffingsmarter", "action_flag": 1, "change_message": "[{\"added\": {}}]"}}, {"model": "admin.logentry", "pk": 13, "fields": {"action_time": "2021-05-01T07:19:20.466Z", "user": 1, "content_type": 7, "object_id": "4", "object_repr": "Evilthreath", "action_flag": 1, "change_message": "[{\"added\": {}}]"}}, {"model": "admin.logentry", "pk": 14, "fields": {"action_time": "2021-05-01T07:19:59.924Z", "user": 1, "content_type": 7, "object_id": "5", "object_repr": "Hirey", "action_flag": 1, "change_message": "[{\"added\": {}}]"}}, {"model": "admin.logentry", "pk": 15, "fields": {"action_time": "2021-05-01T07:20:44.859Z", "user": 1, "content_type": 7, "object_id": "6", "object_repr": "Swiftattack", "action_flag": 1, "change_message": "[{\"added\": {}}]"}}, {"model": "admin.logentry", "pk": 16, "fields": {"action_time": "2021-05-01T07:21:21.848Z", "user": 1, "content_type": 7, "object_id": "7", "object_repr": "Troller", "action_flag": 1, "change_message": "[{\"added\": {}}]"}}, {"model": "admin.logentry", "pk": 17, "fields": {"action_time": "2021-05-01T07:21:49.081Z", "user": 1, "content_type": 7, "object_id": "8", "object_repr": "Primalassault", "action_flag": 1, "change_message": "[{\"added\": {}}]"}}, {"model": "admin.logentry", "pk": 18, "fields": {"action_time": "2021-05-01T07:22:45.189Z", "user": 1, "content_type": 4, "object_id": "1", "object_repr": "denis", "action_flag": 2, "change_message": "[{\"changed\": {\"fields\": [\"First name\", \"Last name\"]}}]"}}, {"model": "admin.logentry", "pk": 19, "fields": {"action_time": "2021-05-01T07:24:03.168Z", "user": 1, "content_type": 9, "object_id": "1", "object_repr": "Разработчик на Python", "action_flag": 1, "change_message": "[{\"added\": {}}]"}}, {"model": "admin.logentry", "pk": 20, "fields": {"action_time": "2021-05-01T07:25:03.452Z", "user": 1, "content_type": 9, "object_id": "2", "object_repr": "Разработчик в проект на Django", "action_flag": 1, "change_message": "[{\"added\": {}}]"}}, {"model": "admin.logentry", "pk": 21, "fields": {"action_time": "2021-05-01T07:25:44.868Z", "user": 1, "content_type": 9, "object_id": "3", "object_repr": "Middle SWIFT-разработчик", "action_flag": 1, "change_message": "[{\"added\": {}}]"}}, {"model": "admin.logentry", "pk": 22, "fields": {"action_time": "2021-05-01T07:26:24.012Z", "user": 1, "content_type": 9, "object_id": "4", "object_repr": "Мидл программист на Python", "action_flag": 1, "change_message": "[{\"added\": {}}]"}}, {"model": "admin.logentry", "pk": 23, "fields": {"action_time": "2021-05-01T07:26:57.309Z", "user": 1, "content_type": 9, "object_id": "5", "object_repr": "Грамотный питон разработчик", "action_flag": 1, "change_message": "[{\"added\": {}}]"}}, {"model": "admin.logentry", "pk": 24, "fields": {"action_time": "2021-05-01T11:22:50.673Z", "user": 1, "content_type": 10, "object_id": "8", "object_repr": "Отклик на вакансию Разработчик в проект на Django", "action_flag": 3, "change_message": ""}}, {"model": "admin.logentry", "pk": 25, "fields": {"action_time": "2021-05-01T11:22:53.602Z", "user": 1, "content_type": 10, "object_id": "6", "object_repr": "Отклик на вакансию Middle SWIFT-разработчик", "action_flag": 3, "change_message": ""}}, {"model": "admin.logentry", "pk": 26, "fields": {"action_time": "2021-05-01T11:22:57.081Z", "user": 1, "content_type": 10, "object_id": "3", "object_repr": "Отклик на вакансию Разработчик в проект на Django", "action_flag": 3, "change_message": ""}}, {"model": "admin.logentry", "pk": 27, "fields": {"action_time": "2021-05-01T11:23:00.020Z", "user": 1, "content_type": 10, "object_id": "4", "object_repr": "Отклик на вакансию Разработчик в проект на Django", "action_flag": 3, "change_message": ""}}, {"model": "admin.logentry", "pk": 28, "fields": {"action_time": "2021-05-01T11:23:02.857Z", "user": 1, "content_type": 10, "object_id": "7", "object_repr": "Отклик на вакансию Разработчик в проект на Django", "action_flag": 3, "change_message": ""}}, {"model": "admin.logentry", "pk": 29, "fields": {"action_time": "2021-05-01T11:23:06.050Z", "user": 1, "content_type": 10, "object_id": "1", "object_repr": "Отклик на вакансию Разработчик на Python", "action_flag": 3, "change_message": ""}}, {"model": "admin.logentry", "pk": 30, "fields": {"action_time": "2021-05-01T11:23:09.164Z", "user": 1, "content_type": 10, "object_id": "2", "object_repr": "Отклик на вакансию Разработчик в проект на Django", "action_flag": 3, "change_message": ""}}, {"model": "admin.logentry", "pk": 31, "fields": {"action_time": "2021-05-01T11:23:11.831Z", "user": 1, "content_type": 10, "object_id": "5", "object_repr": "Отклик на вакансию Middle SWIFT-разработчик", "action_flag": 3, "change_message": ""}}, {"model": "admin.logentry", "pk": 32, "fields": {"action_time": "2021-05-01T13:33:53.761Z", "user": 1, "content_type": 7, "object_id": "1", "object_repr": "Workiro", "action_flag": 2, "change_message": "[{\"changed\": {\"fields\": [\"Owner\"]}}]"}}, {"model": "admin.logentry", "pk": 33, "fields": {"action_time": "2021-05-01T14:22:30.449Z", "user": 1, "content_type": 7, "object_id": "9", "object_repr": "Example Name", "action_flag": 2, "change_message": "[{\"changed\": {\"fields\": [\"Logo\"]}}]"}}, {"model": "admin.logentry", "pk": 34, "fields": {"action_time": "2021-05-01T14:27:06.124Z", "user": 1, "content_type": 7, "object_id": "9", "object_repr": "Games Epic", "action_flag": 2, "change_message": "[{\"changed\": {\"fields\": [\"Name\", \"Employee count\"]}}]"}}, {"model": "admin.logentry", "pk": 35, "fields": {"action_time": "2021-05-01T14:27:21.593Z", "user": 1, "content_type": 7, "object_id": "10", "object_repr": "XBP Inc", "action_flag": 2, "change_message": "[{\"changed\": {\"fields\": [\"Name\"]}}]"}}, {"model": "admin.logentry", "pk": 36, "fields": {"action_time": "2021-05-02T13:54:13.705Z", "user": 1, "content_type": 7, "object_id": "10", "object_repr": "XBP Inc", "action_flag": 2, "change_message": "[{\"changed\": {\"fields\": [\"Logo\"]}}]"}}, {"model": "admin.logentry", "pk": 37, "fields": {"action_time": "2021-05-02T13:56:25.741Z", "user": 1, "content_type": 7, "object_id": "10", "object_repr": "XBP Inc", "action_flag": 2, "change_message": "[{\"changed\": {\"fields\": [\"Logo\"]}}]"}}, {"model": "admin.logentry", "pk": 38, "fields": {"action_time": "2021-05-02T13:57:27.216Z", "user": 1, "content_type": 7, "object_id": "3", "object_repr": "Staffingsmarter", "action_flag": 2, "change_message": "[{\"changed\": {\"fields\": [\"Owner\"]}}]"}}, {"model": "admin.logentry", "pk": 39, "fields": {"action_time": "2021-05-03T13:01:24.808Z", "user": 1, "content_type": 9, "object_id": "7", "object_repr": "Название вакансии", "action_flag": 3, "change_message": ""}}, {"model": "admin.logentry", "pk": 40, "fields": {"action_time": "2021-05-03T13:01:28.546Z", "user": 1, "content_type": 9, "object_id": "6", "object_repr": "Название вакансии", "action_flag": 3, "change_message": ""}}, {"model": "admin.logentry", "pk": 41, "fields": {"action_time": "2021-05-03T13:05:48.774Z", "user": 1, "content_type": 10, "object_id": "3", "object_repr": "Отклик на вакансию Разработчик на Python", "action_flag": 2, "change_message": "[{\"changed\": {\"fields\": [\"Written username\", \"Written phone\", \"Written cover letter\"]}}]"}}, {"model": "admin.logentry", "pk": 42, "fields": {"action_time": "2021-05-03T13:06:16.812Z", "user": 1, "content_type": 10, "object_id": "2", "object_repr": "Отклик на вакансию Разработчик на Python", "action_flag": 2, "change_message": "[{\"changed\": {\"fields\": [\"Written username\", \"Written phone\", \"Written cover letter\"]}}]"}}, {"model": "admin.logentry", "pk": 43, "fields": {"action_time": "2021-05-03T13:08:47.651Z", "user": 1, "content_type": 9, "object_id": "1", "object_repr": "Разработчик на Python", "action_flag": 2, "change_message": "[{\"changed\": {\"fields\": [\"Description\"]}}]"}}, {"model": "admin.logentry", "pk": 44, "fields": {"action_time": "2021-05-03T13:24:31.113Z", "user": 1, "content_type": 10, "object_id": "5", "object_repr": "Отклик на вакансию Разработчик на Python", "action_flag": 2, "change_message": "[{\"changed\": {\"fields\": [\"Written username\", \"Written phone\", \"Written cover letter\"]}}]"}}, {"model": "admin.logentry", "pk": 45, "fields": {"action_time": "2021-05-03T13:24:38.008Z", "user": 1, "content_type": 10, "object_id": "2", "object_repr": "Отклик на вакансию Разработчик на Python", "action_flag": 2, "change_message": "[{\"changed\": {\"fields\": [\"Written cover letter\"]}}]"}}, {"model": "admin.logentry", "pk": 46, "fields": {"action_time": "2021-05-03T13:25:39.146Z", "user": 1, "content_type": 10, "object_id": "7", "object_repr": "Отклик на вакансию Middle C/C   разработчик", "action_flag": 1, "change_message": "[{\"added\": {}}]"}}, {"model": "admin.logentry", "pk": 47, "fields": {"action_time": "2021-05-04T07:12:38.012Z", "user": 1, "content_type": 7, "object_id": "7", "object_repr": "Troller", "action_flag": 2, "change_message": "[{\"changed\": {\"fields\": [\"Owner\"]}}]"}}, {"model": "admin.logentry", "pk": 48, "fields": {"action_time": "2021-05-04T07:12:57.724Z", "user": 1, "content_type": 7, "object_id": "6", "object_repr": "Swiftattack", "action_flag": 2, "change_message": "[{\"changed\": {\"fields\": [\"Owner\"]}}]"}}, {"model": "admin.logentry", "pk": 49, "fields": {"action_time": "2021-05-04T07:13:08.312Z", "user": 1, "content_type": 7, "object_id": "5", "object_repr": "Hirey", "action_flag": 2, "change_message": "[{\"changed\": {\"fields\": [\"Owner\"]}}]"}}, {"model": "admin.logentry", "pk": 50, "fields": {"action_time": "2021-05-04T07:13:21.280Z", "user": 1, "content_type": 7, "object_id": "10", "object_repr": "XBP Inc", "action_flag": 3, "change_message": ""}}, {"model": "admin.logentry", "pk": 51, "fields": {"action_time": "2021-05-04T07:13:25.376Z", "user": 1, "content_type": 7, "object_id": "9", "object_repr": "Games Epic", "action_flag": 3, "change_message": ""}}, {"model": "admin.logentry", "pk": 52, "fields": {"action_time": "2021-05-04T07:13:48.619Z", "user": 1, "content_type": 7, "object_id": "4", "object_repr": "Evilthreath", "action_flag": 2, "change_message": "[{\"changed\": {\"fields\": [\"Owner\"]}}]"}}, {"model": "admin.logentry", "pk": 53, "fields": {"action_time": "2021-05-04T07:13:58.236Z", "user": 1, "content_type": 7, "object_id": "2", "object_repr": "Rebelrage", "action_flag": 2, "change_message": "[{\"changed\": {\"fields\": [\"Owner\"]}}]"}}, {"model": "admin.logentry", "pk": 54, "fields": {"action_time": "2021-05-04T07:26:38.422Z", "user": 1, "content_type": 11, "object_id": "1", "object_repr": "Резюме от Иван Чейз", "action_flag": 1, "change_message": "[{\"added\": {}}]"}}, {"model": "admin.logentry", "pk": 55, "fields": {"action_time": "2021-05-04T09:53:47.405Z", "user": 1, "content_type": 11, "object_id": "1", "object_repr": "Резюме от Иван Чейз", "action_flag": 2, "change_message": "[{\"changed\": {\"fields\": [\"\\u0421\\u0442\\u0430\\u0442\\u0443\\u0441\", \"\\u041a\\u0432\\u0430\\u043b\\u0438\\u0444\\u0438\\u043a\\u0430\\u0446\\u0438\\u044f\"]}}]"}}, {"model": "admin.logentry", "pk": 56, "fields": {"action_time": "2021-05-04T16:06:45.550Z", "user": 1, "content_type": 7, "object_id": "9", "object_repr": "NOKIAN", "action_flag": 3, "change_message": ""}}, {"model": "admin.logentry", "pk": 57, "fields": {"action_time": "2021-05-04T16:16:36.865Z", "user": 1, "content_type": 11, "object_id": "1", "object_repr": "Резюме от Иван Чейз", "action_flag": 3, "change_message": ""}}, {"model": "admin.logentry", "pk": 58, "fields": {"action_time": "2021-05-04T16:33:15.348Z", "user": 1, "content_type": 11, "object_id": "2", "object_repr": "Резюме от Имя Фамилия", "action_flag": 3, "change_message": ""}}, {"model": "admin.logentry", "pk": 59, "fields": {"action_time": "2021-05-04T16:37:44.591Z", "user": 1, "content_type": 11, "object_id": "3", "object_repr": "Резюме от Имя Фамилия", "action_flag": 3, "change_message": ""}}, {"model": "admin.logentry", "pk": 60, "fields": {"action_time": "2021-05-04T16:41:03.954Z", "user": 1, "content_type": 11, "object_id": "4", "object_repr": "Резюме от Имя Фамилия", "action_flag": 3, "change_message": ""}}, {"model": "admin.logentry", "pk": 61, "fields": {"action_time": "2021-05-04T16:46:06.785Z", "user": 1, "content_type": 11, "object_id": "5", "object_repr": "Резюме от Анатолий Фамилия", "action_flag": 2, "change_message": "[{\"changed\": {\"fields\": [\"\\u0418\\u043c\\u044f\", \"\\u0421\\u0442\\u0430\\u0442\\u0443\\u0441\", \"\\u041a\\u0432\\u0430\\u043b\\u0438\\u0444\\u0438\\u043a\\u0430\\u0446\\u0438\\u044f\"]}}]"}}, {"model": "admin.logentry", "pk": 62, "fields": {"action_time": "2021-05-05T08:25:49.429Z", "user": 1, "content_type": 7, "object_id": "10", "object_repr": "Название вашей компании", "action_flag": 3, "change_message": ""}}, {"model": "admin.logentry", "pk": 63, "fields": {"action_time": "2021-05-05T09:49:56.865Z", "user": 1, "content_type": 7, "object_id": "11", "object_repr": "Название вашей компании", "action_flag": 3, "change_message": ""}}, {"model": "admin.logentry", "pk": 64, "fields": {"action_time": "2021-05-05T10:01:02.858Z", "user": 1, "content_type": 9, "object_id": "7", "object_repr": "Веб-дизайнер", "action_flag": 1, "change_message": "[{\"added\": {}}]"}}, {"model": "admin.logentry", "pk": 65, "fields": {"action_time": "2021-05-05T10:04:29.093Z", "user": 1, "content_type": 9, "object_id": "8", "object_repr": "Дизайнер middle ", "action_flag": 1, "change_message": "[{\"added\": {}}]"}}, {"model": "admin.logentry", "pk": 66, "fields": {"action_time": "2021-05-05T10:07:13.492Z", "user": 1, "content_type": 9, "object_id": "9", "object_repr": "Графический дизайнер", "action_flag": 1, "change_message": "[{\"added\": {}}]"}}, {"model": "admin.logentry", "pk": 67, "fields": {"action_time": "2021-05-05T10:09:06.959Z", "user": 1, "content_type": 9, "object_id": "10", "object_repr": "Помощник дизайнера", "action_flag": 1, "change_message": "[{\"added\": {}}]"}}, {"model": "admin.logentry", "pk": 68, "fields": {"action_time": "2021-05-05T10:17:37.462Z", "user": 1, "content_type": 9, "object_id": "11", "object_repr": "Дизайнер-верстальщик", "action_flag": 1, "change_message": "[{\"added\": {}}]"}}, {"model": "admin.logentry", "pk": 69, "fields": {"action_time": "2021-05-05T10:20:56.287Z", "user": 1, "content_type": 9, "object_id": "12", "object_repr": "UX/UI дизайнер", "action_flag": 1, "change_message": "[{\"added\": {}}]"}}, {"model": "admin.logentry", "pk": 70, "fields": {"action_time": "2021-05-05T10:24:57.957Z", "user": 1, "content_type": 9, "object_id": "13", "object_repr": "DevOps engineer (Kubernetes)", "action_flag": 1, "change_message": "[{\"added\": {}}]"}}, {"model": "admin.logentry", "pk": 71, "fields": {"action_time": "2021-05-05T10:27:51.628Z", "user": 1, "content_type": 9, "object_id": "14", "object_repr": "DevOps Engineer", "action_flag": 1, "change_message": "[{\"added\": {}}]"}}, {"model": "admin.logentry", "pk": 72, "fields": {"action_time": "2021-05-05T10:30:20.284Z", "user": 1, "content_type": 9, "object_id": "15", "object_repr": "DevOps (Remote)", "action_flag": 1, "change_message": "[{\"added\": {}}]"}}, {"model": "admin.logentry", "pk": 73, "fields": {"action_time": "2021-05-05T10:32:31.216Z", "user": 1, "content_type": 9, "object_id": "16", "object_repr": "DevOps-инженер", "action_flag": 1, "change_message": "[{\"added\": {}}]"}}, {"model": "admin.logentry", "pk": 74, "fields": {"action_time": "2021-05-05T10:35:02.031Z", "user": 1, "content_type": 9, "object_id": "17", "object_repr": "Junior DevOps Engineer", "action_flag": 1, "change_message": "[{\"added\": {}}]"}}, {"model": "admin.logentry", "pk": 75, "fields": {"action_time": "2021-05-05T10:37:06.964Z", "user": 1, "content_type": 9, "object_id": "18", "object_repr": "DevOps (Azure Pipelines)", "action_flag": 1, "change_message": "[{\"added\": {}}]"}}, {"model": "admin.logentry", "pk": 76, "fields": {"action_time": "2021-05-05T10:40:00.803Z", "user": 1, "content_type": 9, "object_id": "19", "object_repr": "Web-разработчик", "action_flag": 1, "change_message": "[{\"added\": {}}]"}}, {"model": "admin.logentry", "pk": 77, "fields": {"action_time": "2021-05-05T10:42:04.835Z", "user": 1, "content_type": 9, "object_id": "20", "object_repr": "Frontend разработчик (React.js)", "action_flag": 1, "change_message": "[{\"added\": {}}]"}}, {"model": "admin.logentry", "pk": 78, "fields": {"action_time": "2021-05-05T10:45:48.813Z", "user": 1, "content_type": 9, "object_id": "21", "object_repr": "Junior Frontend-разработчик", "action_flag": 1, "change_message": "[{\"added\": {}}]"}}, {"model": "admin.logentry", "pk": 79, "fields": {"action_time": "2021-05-05T10:47:43.047Z", "user": 1, "content_type": 9, "object_id": "22", "object_repr": "Frontend developer (React)", "action_flag": 1, "change_message": "[{\"added\": {}}]"}}, {"model": "admin.logentry", "pk": 80, "fields": {"action_time": "2021-05-05T10:49:16.673Z", "user": 1, "content_type": 9, "object_id": "23", "object_repr": "Frontend Developer (React)", "action_flag": 1, "change_message": "[{\"added\": {}}]"}}, {"model": "admin.logentry", "pk": 81, "fields": {"action_time": "2021-05-05T10:51:09.841Z", "user": 1, "content_type": 9, "object_id": "24", "object_repr": "React разработчик (junior)", "action_flag": 1, "change_message": "[{\"added\": {}}]"}}, {"model": "admin.logentry", "pk": 82, "fields": {"action_time": "2021-05-05T10:54:15.578Z", "user": 1, "content_type": 9, "object_id": "25", "object_repr": "Junior Game Designer", "action_flag": 1, "change_message": "[{\"added\": {}}]"}}, {"model": "admin.logentry", "pk": 83, "fields": {"action_time": "2021-05-05T10:56:24.184Z", "user": 1, "content_type": 9, "object_id": "26", "object_repr": "3D Аниматор", "action_flag": 1, "change_message": "[{\"added\": {}}]"}}, {"model": "admin.logentry", "pk": 84, "fields": {"action_time": "2021-05-05T10:58:04.119Z", "user": 1, "content_type": 9, "object_id": "27", "object_repr": "Middle Game Designer", "action_flag": 1, "change_message": "[{\"added\": {}}]"}}, {"model": "admin.logentry", "pk": 85, "fields": {"action_time": "2021-05-05T10:59:40.598Z", "user": 1, "content_type": 9, "object_id": "28", "object_repr": "2D аниматор Motion designer", "action_flag": 1, "change_message": "[{\"added\": {}}]"}}, {"model": "admin.logentry", "pk": 86, "fields": {"action_time": "2021-05-05T11:01:44.853Z", "user": 1, "content_type": 9, "object_id": "29", "object_repr": "Game Designer (Гейм дизайнер)", "action_flag": 1, "change_message": "[{\"added\": {}}]"}}, {"model": "admin.logentry", "pk": 87, "fields": {"action_time": "2021-05-05T11:04:23.263Z", "user": 1, "content_type": 9, "object_id": "30", "object_repr": "2D-художник (adult content)", "action_flag": 1, "change_message": "[{\"added\": {}}]"}}, {"model": "admin.logentry", "pk": 88, "fields": {"action_time": "2021-05-05T11:06:24.863Z", "user": 1, "content_type": 9, "object_id": "31", "object_repr": "Менеджер", "action_flag": 1, "change_message": "[{\"added\": {}}]"}}, {"model": "admin.logentry", "pk": 89, "fields": {"action_time": "2021-05-05T11:08:09.997Z", "user": 1, "content_type": 9, "object_id": "32", "object_repr": "Менеджер", "action_flag": 1, "change_message": "[{\"added\": {}}]"}}, {"model": "admin.logentry", "pk": 90, "fields": {"action_time": "2021-05-05T11:10:54.728Z", "user": 1, "content_type": 9, "object_id": "33", "object_repr": "Product manager", "action_flag": 1, "change_message": "[{\"added\": {}}]"}}, {"model": "admin.logentry", "pk": 91, "fields": {"action_time": "2021-05-05T11:12:47.562Z", "user": 1, "content_type": 9, "object_id": "34", "object_repr": "Менеджер по продукту UI/UX", "action_flag": 1, "change_message": "[{\"added\": {}}]"}}, {"model": "admin.logentry", "pk": 92, "fields": {"action_time": "2021-05-05T11:14:21.182Z", "user": 1, "content_type": 9, "object_id": "35", "object_repr": "Продакт-менеджер", "action_flag": 1, "change_message": "[{\"added\": {}}]"}}, {"model": "admin.logentry", "pk": 93, "fields": {"action_time": "2021-05-05T11:16:47.997Z", "user": 1, "content_type": 9, "object_id": "36", "object_repr": "Тестировщик ПО / QA Engineer", "action_flag": 1, "change_message": "[{\"added\": {}}]"}}, {"model": "admin.logentry", "pk": 94, "fields": {"action_time": "2021-05-05T11:18:46.344Z", "user": 1, "content_type": 9, "object_id": "37", "object_repr": "Junior QA engineer", "action_flag": 1, "change_message": "[{\"added\": {}}]"}}, {"model": "admin.logentry", "pk": 95, "fields": {"action_time": "2021-05-05T11:20:12.845Z", "user": 1, "content_type": 9, "object_id": "38", "object_repr": "Junior QA Engineer", "action_flag": 1, "change_message": "[{\"added\": {}}]"}}, {"model": "admin.logentry", "pk": 96, "fields": {"action_time": "2021-05-05T11:21:30.101Z", "user": 1, "content_type": 9, "object_id": "39", "object_repr": "QA Engineer / Тестировщик ПО", "action_flag": 1, "change_message": "[{\"added\": {}}]"}}, {"model": "auth.permission", "pk": 1, "fields": {"name": "Can add log entry", "content_type": 1, "codename": "add_logentry"}}, {"model": "auth.permission", "pk": 2, "fields": {"name": "Can change log entry", "content_type": 1, "codename": "change_logentry"}}, {"model": "auth.permission", "pk": 3, "fields": {"name": "Can delete log entry", "content_type": 1, "codename": "delete_logentry"}}, {"model": "auth.permission", "pk": 4, "fields": {"name": "Can view log entry", "content_type": 1, "codename": "view_logentry"}}, {"model": "auth.permission", "pk": 5, "fields": {"name": "Can add permission", "content_type": 2, "codename": "add_permission"}}, {"model": "auth.permission", "pk": 6, "fields": {"name": "Can change permission", "content_type": 2, "codename": "change_permission"}}, {"model": "auth.permission", "pk": 7, "fields": {"name": "Can delete permission", "content_type": 2, "codename": "delete_permission"}}, {"model": "auth.permission", "pk": 8, "fields": {"name": "Can view permission", "content_type": 2, "codename": "view_permission"}}, {"model": "auth.permission", "pk": 9, "fields": {"name": "Can add group", "content_type": 3, "codename": "add_group"}}, {"model": "auth.permission", "pk": 10, "fields": {"name": "Can change group", "content_type": 3, "codename": "change_group"}}, {"model": "auth.permission", "pk": 11, "fields": {"name": "Can delete group", "content_type": 3, "codename": "delete_group"}}, {"model": "auth.permission", "pk": 12, "fields": {"name": "Can view group", "content_type": 3, "codename": "view_group"}}, {"model": "auth.permission", "pk": 13, "fields": {"name": "Can add user", "content_type": 4, "codename": "add_user"}}, {"model": "auth.permission", "pk": 14, "fields": {"name": "Can change user", "content_type": 4, "codename": "change_user"}}, {"model": "auth.permission", "pk": 15, "fields": {"name": "Can delete user", "content_type": 4, "codename": "delete_user"}}, {"model": "auth.permission", "pk": 16, "fields": {"name": "Can view user", "content_type": 4, "codename": "view_user"}}, {"model": "auth.permission", "pk": 17, "fields": {"name": "Can add content type", "content_type": 5, "codename": "add_contenttype"}}, {"model": "auth.permission", "pk": 18, "fields": {"name": "Can change content type", "content_type": 5, "codename": "change_contenttype"}}, {"model": "auth.permission", "pk": 19, "fields": {"name": "Can delete content type", "content_type": 5, "codename": "delete_contenttype"}}, {"model": "auth.permission", "pk": 20, "fields": {"name": "Can view content type", "content_type": 5, "codename": "view_contenttype"}}, {"model": "auth.permission", "pk": 21, "fields": {"name": "Can add session", "content_type": 6, "codename": "add_session"}}, {"model": "auth.permission", "pk": 22, "fields": {"name": "Can change session", "content_type": 6, "codename": "change_session"}}, {"model": "auth.permission", "pk": 23, "fields": {"name": "Can delete session", "content_type": 6, "codename": "delete_session"}}, {"model": "auth.permission", "pk": 24, "fields": {"name": "Can view session", "content_type": 6, "codename": "view_session"}}, {"model": "auth.permission", "pk": 25, "fields": {"name": "Can add компания", "content_type": 7, "codename": "add_company"}}, {"model": "auth.permission", "pk": 26, "fields": {"name": "Can change компания", "content_type": 7, "codename": "change_company"}}, {"model": "auth.permission", "pk": 27, "fields": {"name": "Can delete компания", "content_type": 7, "codename": "delete_company"}}, {"model": "auth.permission", "pk": 28, "fields": {"name": "Can view компания", "content_type": 7, "codename": "view_company"}}, {"model": "auth.permission", "pk": 29, "fields": {"name": "Can add специализация", "content_type": 8, "codename": "add_specialty"}}, {"model": "auth.permission", "pk": 30, "fields": {"name": "Can change специализация", "content_type": 8, "codename": "change_specialty"}}, {"model": "auth.permission", "pk": 31, "fields": {"name": "Can delete специализация", "content_type": 8, "codename": "delete_specialty"}}, {"model": "auth.permission", "pk": 32, "fields": {"name": "Can view специализация", "content_type": 8, "codename": "view_specialty"}}, {"model": "auth.permission", "pk": 33, "fields": {"name": "Can add вакансия", "content_type": 9, "codename": "add_vacancy"}}, {"model": "auth.permission", "pk": 34, "fields": {"name": "Can change вакансия", "content_type": 9, "codename": "change_vacancy"}}, {"model": "auth.permission", "pk": 35, "fields": {"name": "Can delete вакансия", "content_type": 9, "codename": "delete_vacancy"}}, {"model": "auth.permission", "pk": 36, "fields": {"name": "Can view вакансия", "content_type": 9, "codename": "view_vacancy"}}, {"model": "auth.permission", "pk": 37, "fields": {"name": "Can add application", "content_type": 10, "codename": "add_application"}}, {"model": "auth.permission", "pk": 38, "fields": {"name": "Can change application", "content_type": 10, "codename": "change_application"}}, {"model": "auth.permission", "pk": 39, "fields": {"name": "Can delete application", "content_type": 10, "codename": "delete_application"}}, {"model": "auth.permission", "pk": 40, "fields": {"name": "Can view application", "content_type": 10, "codename": "view_application"}}, {"model": "auth.permission", "pk": 41, "fields": {"name": "Can add resume", "content_type": 11, "codename": "add_resume"}}, {"model": "auth.permission", "pk": 42, "fields": {"name": "Can change resume", "content_type": 11, "codename": "change_resume"}}, {"model": "auth.permission", "pk": 43, "fields": {"name": "Can delete resume", "content_type": 11, "codename": "delete_resume"}}, {"model": "auth.permission", "pk": 44, "fields": {"name": "Can view resume", "content_type": 11, "codename": "view_resume"}}, {"model": "auth.user", "pk": 1, "fields": {"password": "pbkdf2_sha256$260000$9PyT6sOyk1fBzRJK3j2i2U$g0bBATVJCClsipwIJxpjsWxHX mMz9HFsKOPW5qT8Bc=", "last_login": "2021-05-05T09:12:56.464Z", "is_superuser": true, "username": "denis", "first_name": "Денис", "last_name": "Антонов", "email": "", "is_staff": true, "is_active": true, "date_joined": "2021-05-01T07:05:21Z", "groups": [], "user_permissions": []}}, {"model": "auth.user", "pk": 2, "fields": {"password": "pbkdf2_sha256$260000$S3WgFKkkWGdBAQoaWm1HAj$m7eslOupzcyOfjn/RrXAgYHMvMzCTP0aWMmECqVZPHo=", "last_login": "2021-05-01T14:10:06.982Z", "is_superuser": false, "username": "kodoku33", "first_name": "Денис", "last_name": "Говно", "email": "", "is_staff": false, "is_active": true, "date_joined": "2021-05-01T10:55:23.029Z", "groups": [], "user_permissions": []}}, {"model": "auth.user", "pk": 3, "fields": {"password": "pbkdf2_sha256$260000$CaJv3GLhjaehP34zh7LAti$S0AFWrJtHRpJXTaXaohszoKe9vkx8gz9gW4NbmgfU8Y=", "last_login": "2021-05-01T13:57:49.562Z", "is_superuser": false, "username": "cheyz", "first_name": "Виктор", "last_name": "Чейз", "email": "", "is_staff": false, "is_active": true, "date_joined": "2021-05-01T11:36:52.952Z", "groups": [], "user_permissions": []}}, {"model": "auth.user", "pk": 4, "fields": {"password": "pbkdf2_sha256$260000$ic6Li6tlmYklxWpMkGOatg$5gUdC6L8Hirjr9Wxdf TK0gr/vQTTO6/o/4qE50KBB8=", "last_login": "2021-05-03T14:14:31.394Z", "is_superuser": false, "username": "pidor", "first_name": "Чиж", "last_name": "Пидор", "email": "", "is_staff": false, "is_active": true, "date_joined": "2021-05-01T14:25:55.785Z", "groups": [], "user_permissions": []}}, {"model": "auth.user", "pk": 5, "fields": {"password": "pbkdf2_sha256$260000$C75v2IqyPyjCP9mNcjh4YM$8dyjN33/E2hrSHS6xbldYVP0sL2dJG0REy12Sa2 9BA=", "last_login": null, "is_superuser": false, "username": "nik", "first_name": "Вася", "last_name": "Чепушилов", "email": "", "is_staff": false, "is_active": true, "date_joined": "2021-05-02T13:55:27.817Z", "groups": [], "user_permissions": []}}, {"model": "auth.user", "pk": 6, "fields": {"password": "pbkdf2_sha256$260000$w9F0NXTkmGBsUu9516LBcQ$zdccRiy1RTfAWuaq16tmGqd4WP08kTEAlDlNPHou5/E=", "last_login": null, "is_superuser": false, "username": "denis222", "first_name": "Денис", "last_name": "Антонов", "email": "", "is_staff": false, "is_active": true, "date_joined": "2021-05-02T13:56:04.653Z", "groups": [], "user_permissions": []}}, {"model": "auth.user", "pk": 7, "fields": {"password": "pbkdf2_sha256$260000$XyT4lg8bs4XW0BNW0KABKu$LvAjfUiUdUHts0nGQzbGp5bB8c 8Dq2uUXkSsmDI36c=", "last_login": "2021-05-05T09:48:52.597Z", "is_superuser": false, "username": "denis123", "first_name": "Денис", "last_name": "Антонов", "email": "", "is_staff": false, "is_active": true, "date_joined": "2021-05-02T13:56:46.460Z", "groups": [], "user_permissions": []}}, {"model": "auth.user", "pk": 8, "fields": {"password": "pbkdf2_sha256$260000$e6kITWPUSyqrq3duRdZBMu$sLR4J2TMzmmuB oJlHapmTV0PZIj0LXlkHz6JfD60Zs=", "last_login": "2021-05-03T13:52:33.146Z", "is_superuser": false, "username": "dead_inside2011", "first_name": "Артем", "last_name": "Артемов", "email": "", "is_staff": false, "is_active": true, "date_joined": "2021-05-03T13:52:28.432Z", "groups": [], "user_permissions": []}}, {"model": "auth.user", "pk": 9, "fields": {"password": "pbkdf2_sha256$260000$ZnHPM6PAT4ISEw3VLq4sNX$Ib1OeCkRFMrlZzA2znbxqh79o9gm7xRes2myapJ77yE=", "last_login": "2021-05-05T08:26:13.754Z", "is_superuser": false, "username": "look_job", "first_name": "Иван", "last_name": "Чейз", "email": "", "is_staff": false, "is_active": true, "date_joined": "2021-05-04T07:25:28.623Z", "groups": [], "user_permissions": []}}, {"model": "contenttypes.contenttype", "pk": 1, "fields": {"app_label": "admin", "model": "logentry"}}, {"model": "contenttypes.contenttype", "pk": 2, "fields": {"app_label": "auth", "model": "permission"}}, {"model": "contenttypes.contenttype", "pk": 3, "fields": {"app_label": "auth", "model": "group"}}, {"model": "contenttypes.contenttype", "pk": 4, "fields": {"app_label": "auth", "model": "user"}}, {"model": "contenttypes.contenttype", "pk": 5, "fields": {"app_label": "contenttypes", "model": "contenttype"}}, {"model": "contenttypes.contenttype", "pk": 6, "fields": {"app_label": "sessions", "model": "session"}}, {"model": "contenttypes.contenttype", "pk": 7, "fields": {"app_label": "vacancies", "model": "company"}}, {"model": "contenttypes.contenttype", "pk": 8, "fields": {"app_label": "vacancies", "model": "specialty"}}, {"model": "contenttypes.contenttype", "pk": 9, "fields": {"app_label": "vacancies", "model": "vacancy"}}, {"model": "contenttypes.contenttype", "pk": 10, "fields": {"app_label": "vacancies", "model": "application"}}, {"model": "contenttypes.contenttype", "pk": 11, "fields": {"app_label": "vacancies", "model": "resume"}}, {"model": "sessions.session", "pk": "1721i7aglay6o72c7d50rjrhxozc03it", "fields": {"session_data": ".eJxVjMsOwiAQRf-FtSGU8hhcuvcbyDBMpWogKe3K-O_apAvd3nPOfYmI21ri1nmJcxZnEcTpd0tID647yHestyap1XWZk9wVedAury3z83K4fwcFe_nWxiPb4MEjKgINyWvlMgc3UnIGhkmzsVYrQ1YFtuQUjH4YTdYOpgBGvD_JcTaj:1leBse:xSQ9DOZTcU8euXrpXYTNvTtFEvI-Dp8i0n1-QZpsxTs", "expire_date": "2021-05-19T07:23:36.838Z"}}, {"model": "sessions.session", "pk": "3axavyhzkxnjnn3cgvabs9w7e4rg21y8", "fields": {"session_data": ".eJxVjM0OwiAQhN-FsyGEBbd49O4zkF1-pGogKe2p8d2VpAc9TTLfN7MLT9ta_NbT4ucoLgLF6bdjCs9UB4gPqvcmQ6vrMrMcijxol7cW0-t6uH8HhXoZa7CBJpeAjcln5aKb8jdNSIDIAZlYaQaKlC2iJc0csjaA2YFJCsT7AwQuOJk:1leE9E:Zr-PwPw5pllvNfGm83_5X_8vh0ABuCX8DV-hgB3rhFc", "expire_date": "2021-05-19T09:48:52.598Z"}}, {"model": "sessions.session", "pk": "54q0pmn1x0cowhxxgmx7yomst5jm31t0", "fields": {"session_data": ".eJxVjEEOwiAQAP_C2RAWC2w8evcNBHYXqRqalPZk_Lsh6UGvM5N5q5j2rca9yxpnVhcF6vTLcqKntCH4kdp90bS0bZ2zHok-bNe3heV1Pdq_QU29jq05Y6LiichJtpIBgjgmRAwGjXccCAoUX4q1GDwFy5ImBGMCIU_q8wX01zgH:1leDaS:PDniK8EcfsURJAvT2eBraf1tsV1eHH0yYMEXOX9G4mI", "expire_date": "2021-05-19T09:12:56.466Z"}}, {"model": "sessions.session", "pk": "639vaa9jtrr8kbopaz94wb788lj99es2", "fields": {"session_data": ".eJxVjEEOwiAQAP_C2RAWC2w8evcNBHYXqRqalPZk_Lsh6UGvM5N5q5j2rca9yxpnVhcF6vTLcqKntCH4kdp90bS0bZ2zHok-bNe3heV1Pdq_QU29jq05Y6LiichJtpIBgjgmRAwGjXccCAoUX4q1GDwFy5ImBGMCIU_q8wX01zgH:1leC36:b6vXeUYt2AYtSFQ5EfoOMm2McJR6sJqH7bT8MZSt7-s", "expire_date": "2021-05-19T07:34:24.997Z"}}, {"model": "sessions.session", "pk": "c2plkn5v5km4u7y4cnemi77dumqh13b0", "fields": {"session_data": ".eJxVjMsOwiAQRf-FtSGU8hhcuvcbyDBMpWogKe3K-O_apAvd3nPOfYmI21ri1nmJcxZnEcTpd0tID647yHestyap1XWZk9wVedAury3z83K4fwcFe_nWxiPb4MEjKgINyWvlMgc3UnIGhkmzsVYrQ1YFtuQUjH4YTdYOpgBGvD_JcTaj:1ldrUU:eHCDVZmOsCjWexEIyjUYeDO_Xja-NIJb1DNgJHdV6cw", "expire_date": "2021-05-18T09:37:18.808Z"}}, {"model": "sessions.session", "pk": "hzmcyc90rjgq9lazcr8yvfgnvdf85xuz", "fields": {"session_data": ".eJxVjDEOAiEQRe9CbQgwZEBLe89AhmGUVQPJslsZ766bbKHtf-_9l0q0LjWtQ-Y0FXVSXh1-t0z8kLaBcqd265p7W-Yp603ROx360os8z7v7d1Bp1G99ZStoOIAhzJajBcR8dD4GzCjiRaIPHDJELOwMMZmIHmwEcOB8UO8P3Mo3EQ:1lcqZE:Nki7sIHvKD54tf7N6_n8hzOe4trFGGanhbpQCL-5_zE", "expire_date": "2021-05-15T14:26:00.848Z"}}, {"model": "sessions.session", "pk": "zrtvabsldysyrgmtiugzitawqylsguox", "fields": {"session_data": ".eJxVjEEOwiAQAP_C2RAWC2w8evcNBHYXqRqalPZk_Lsh6UGvM5N5q5j2rca9yxpnVhcF6vTLcqKntCH4kdp90bS0bZ2zHok-bNe3heV1Pdq_QU29jq05Y6LiichJtpIBgjgmRAwGjXccCAoUX4q1GDwFy5ImBGMCIU_q8wX01zgH:1lcnw2:GO33PpYFvTf3pF3guZ_5vujtkk3Dz13uiAvp0lEqcT0", "expire_date": "2021-05-15T11:37:22.073Z"}}, {"model": "vacancies.company", "pk": 1, "fields": {"name": "Workiro", "logo": "company_images/logo1.png", "employee_count": 10, "location": "Новосибирск", "description": "Разрабатываем мобильные приложения и сервисы для сферы онлайн-обучения.", "owner": 3}}, {"model": "vacancies.company", "pk": 2, "fields": {"name": "Rebelrage", "logo": "company_images/logo2.png", "employee_count": 24, "location": "Москва", "description": "Мобильные сервисы, программное обеспечение, веб-сайты, мобильные приложения.", "owner": 2}}, {"model": "vacancies.company", "pk": 3, "fields": {"name": "StaffingsmarterR", "logo": "company_images/logo3.png", "employee_count": 130, "location": "Москва", "description": "Сервис онлайн-наблюдения за процессом сдачи экзамена с искусственным интеллектом", "owner": 7}}, {"model": "vacancies.company", "pk": 4, "fields": {"name": "Evilthreath", "logo": "company_images/logo4.png", "employee_count": 36, "location": "Москва", "description": "Лидирующее в России и Восточной Европе ПО для проведения вебинаров и видео-конференций.", "owner": 4}}, {"model": "vacancies.company", "pk": 5, "fields": {"name": "Hirey", "logo": "company_images/logo5.png", "employee_count": 21, "location": "Воронеж", "description": "Телекоммуникационные и платежные сервисы, которые помогают развиваться бизнесам во всем мире.", "owner": 8}}, {"model": "vacancies.company", "pk": 6, "fields": {"name": "Swiftattack", "logo": "company_images/logo6.png", "employee_count": 79, "location": "Москва", "description": "Разработка сложных веб-сервисов и мобильных приложений", "owner": 6}}, {"model": "vacancies.company", "pk": 7, "fields": {"name": "Troller", "logo": "company_images/logo7.png", "employee_count": 230, "location": "Санкт-Петербург", "description": "Мобильное приложение, позволяющее примерить обувь и выбрать идеальную пару всего в 3 клика", "owner": 5}}, {"model": "vacancies.company", "pk": 8, "fields": {"name": "Primalassault", "logo": "company_images/logo8.png", "employee_count": 13, "location": "Москва", "description": "Реализуем проекты любой сложности в digital-сфере", "owner": 1}}, {"model": "vacancies.specialty", "pk": "backend", "fields": {"name": "Бэкенд", "picture": "speciality_images/specty_backend.png"}}, {"model": "vacancies.specialty", "pk": "design", "fields": {"name": "Дизайн", "picture": "speciality_images/specty_design.png"}}, {"model": "vacancies.specialty", "pk": "devops", "fields": {"name": "Девопс", "picture": "speciality_images/specty_devops.png"}}, {"model": "vacancies.specialty", "pk": "frontend", "fields": {"name": "Фронтенд", "picture": "speciality_images/specty_frontend.png"}}, {"model": "vacancies.specialty", "pk": "gamedev", "fields": {"name": "Геймдев", "picture": "speciality_images/specty_gamedev.png"}}, {"model": "vacancies.specialty", "pk": "management", "fields": {"name": "Менеджмент", "picture": "speciality_images/specty_management.png"}}, {"model": "vacancies.specialty", "pk": "products", "fields": {"name": "Продукты", "picture": "speciality_images/specty_products.png"}}, {"model": "vacancies.specialty", "pk": "testing", "fields": {"name": "Тестирование", "picture": "speciality_images/specty_testing.png"}}, {"model": "vacancies.vacancy", "pk": 1, "fields": {"title": "Разработчик на Python", "specialty": "backend", "company": 3, "salary_from": 50000, "salary_to": 120000, "published_at": "2021-05-01T07:24:03.168Z", "skills": "Python, Nginx, Git, Django, Docker, Kubernetes, Высоконагруженные системы, HTML2", "description": "<p><b>Что ждем от кандидата:</b></p> <ul> <li>Опыт разработки на Python от 3 лет, участие в законченном коммерческом проекте, умение его грамотно описать;</li> <li>Django / Flask</li> <li>Опыт работы с 3D моделями и библиотеками для работы с ними (например Open3D) - будет преимуществом;</li> <li>Опыт работы с типовыми библиотеками NumPy, SciPy, OpenCV (trimesh, open3d, pyvista);</li> <li>SQL на базовом уровне;</li> <li>Понимание основных алгоритмов машинного обучения (линейная регрессия, random forest, catboost, нейронные сети и других);</li> <li>Математическое образование, опыт математического моделирования;</li> <li>Опыт работы с инструментами управления проектам.</li> </ul> <p><b>Чем будете заниматься:</b></p> <ul> <li>Оптимизация существующих методов виртуальной примерки обуви и разработка новых;</li> <li>Повышение скорости и точности работы виртуальной примерки обуви (от показателей SLA и выше);</li> <li>Использование библиотек и фреймворков numpy, pandas, scikit-learn, tensorflow, catboost, LightGBM, opencv;</li> <li>Разработка нейросетевых методов настройки виртуальной примерки обуви.</li> </ul> <p><b>Условия:</b></p> <ul> <li>Официальное оформление согласно ТК РФ;</li> <li>Работа с новейшим оборудованием;</li> <li>Возможность загранкомандировок на различные IT-семинары;</li> <li>График работы 5/2 с 9-00 до 18-00 (работа в офисе, не удаленно);</li> <li>Дружный коллектив и современный офис;</li> <li>Возможность дальнейшего карьерного роста.</li> </ul> <p>Окончательный уровень зарплаты обсуждается по итогам собеседования.</p>"}}, {"model": "vacancies.vacancy", "pk": 2, "fields": {"title": "Разработчик в проект на Django", "specialty": "backend", "company": 6, "salary_from": 80000, "salary_to": 90000, "published_at": "2021-05-01T07:25:03.452Z", "skills": "Python, Django, PostgreSQL", "description": "Мы работаем на рынке веб-разработки уже более 10 лет. Основное направление - заказная разработка веб-сервисов и разработка собственных стартапов.</p> <p><b>Мы подойдем друг другу, если:</b></p> <ul> <li>вы хорошо разбираетесь в Python и Django, опыт работы от 3-х лет, принимали участие как минимум в нескольких проектах, работали в команде.</li> <li>вы хотите работать в компании единомышленников среди Django-разработчиков.</li> <li>вам интересно работать над стартапами, участвовать в жизни их становления</li> <li>вы не любите бюрократию, планерки, митапы, презентации, совещания и пр. вещи, которые отвлекают от работы</li> <li>вы жаворонок, потому что знаете, что утром голова работает лучше и задачи решаются быстрее</li> <li>вы уже знаете, что идеальных ТЗ не бывает</li> <li>вы понимаете, что прежде чем отдать задачу на проверку тестировщику надо самим все хорошо проверить. А если у проекта нет тестировщика (что периодически бывает), то проверить все дважды.</li> <li>вы понимаете, что нужно соблюдать баланс между качеством кода и длительностью разработки</li> <li>вы любите делиться знаниями, не боитесь обращаться за помощью к коллегам</li> <li>вы самостоятельный и ответственный, умеете здраво оценивать свои силы</li> </ul> <p><b>Как у нас все устроено:</b></p> <ul> <li>в качестве мессенджера Slack</li> <li>ведение задач в Gitlab</li> <li>таймтрекинг в Toggl</li> <li>проекты завернуты в Docker</li> <li>CI/CD настроен</li> <li>Тесты пишем редко (только ключевой функционал покрываем при необходимости)</li></ul> <p><b>Что предлагаем:</b></p> <ul> <li>Стабильную удаленную работу</li> <li>Проектную работу/Официальное трудоустройство</li> <li>Почасовую оплату/Оплату за месяц</li> <li>Обсуждаемое количество рабочих часов в месяц (100-200)</li> <li>Регулярные выплаты (2 раза в месяц)</li> <li>Лояльный рабочий график, начало рабочего дня не позже 10 по мск</li> <li>Интересные проекты, сложные задачи, работа с современными технологиями</li> </ul>"}}, {"model": "vacancies.vacancy", "pk": 3, "fields": {"title": "Middle SWIFT-разработчик", "specialty": "backend", "company": 1, "salary_from": 120000, "salary_to": 150000, "published_at": "2021-05-01T07:25:44.867Z", "skills": "Swift, CoreData, Git, ООП, Базы данных", "description": "<p>Развиваем приложение для изучения китайских слов и иероглифов. Хороши в контенте и дизайне, но не хватает правильного разработчика/разработчиков. Наша цель — сделать лидирующий мировой сервис для изучения китайского языка. В связи с чем ищем на полную или частичную удалённую занятость Senior/Middle iOS разработчика.</p> <p><b>Стек технологий:</b></p> <ul> <li>Swift</li> <li>Combine</li> <li>CoreData</li> <li>UI Constraints</li> <li>Git</li> </ul> <p><b>Что ожидаем от вас:</b></p> <ul> <li>студенты старших курсов и выпускники ВУЗов по Computer Science;</li> <li>понимание принципов ООП;</li> <li>владение английским языком (минимум Intermediate);</li> <li>готовность работать в команде;</li> <li>инициативность;</li> <li>ответственность и умение планировать своё время;</li> <li>умение понимать текущие задачи компании;</li> <li> понимание разницы между делать и сделать</li> </ul> <p>Предлагаем хорошую зарплату по рынку.</p>"}}, {"model": "vacancies.vacancy", "pk": 4, "fields": {"title": "Мидл программист на Python", "specialty": "backend", "company": 7, "salary_from": 80000, "salary_to": 90000, "published_at": "2021-05-01T07:26:24.012Z", "skills": "Python, Docker, MySQL", "description": "<p><b>Что ждем от кандидата:</b></p> <ul> <li>Опыт разработки на Python от 3 лет, участие в законченном коммерческом проекте, умение его грамотно описать;</li> <li>Django / Flask</li> <li>Опыт работы с 3D моделями и библиотеками для работы с ними (например Open3D) - будет преимуществом;</li> <li>Опыт работы с типовыми библиотеками NumPy, SciPy, OpenCV (trimesh, open3d, pyvista);</li> <li>SQL на базовом уровне;</li> <li>Понимание основных алгоритмов машинного обучения (линейная регрессия, random forest, catboost, нейронные сети и других);</li> <li>Математическое образование, опыт математического моделирования;</li> <li>Опыт работы с инструментами управления проектам.</li> </ul> <p><b>Чем будете заниматься:</b></p> <ul> <li>Оптимизация существующих методов виртуальной примерки обуви и разработка новых;</li> <li>Повышение скорости и точности работы виртуальной примерки обуви (от показателей SLA и выше);</li> <li>Использование библиотек и фреймворков numpy, pandas, scikit-learn, tensorflow, catboost, LightGBM, opencv;</li> <li>Разработка нейросетевых методов настройки виртуальной примерки обуви.</li> </ul> <p><b>Условия:</b></p> <ul> <li>Официальное оформление согласно ТК РФ;</li> <li>Работа с новейшим оборудованием;</li> <li>Возможность загранкомандировок на различные IT-семинары;</li> <li>График работы 5/2 с 9-00 до 18-00 (работа в офисе, не удаленно);</li> <li>Дружный коллектив и современный офис;</li> <li>Возможность дальнейшего карьерного роста.</li> </ul> <p>Окончательный уровень зарплаты обсуждается по итогам собеседования.</p>"}}, {"model": "vacancies.vacancy", "pk": 5, "fields": {"title": "Грамотный питон разработчик", "specialty": "backend", "company": 8, "salary_from": 120000, "salary_to": 150000, "published_at": "2021-05-01T07:26:57.308Z", "skills": "Python, Django, PostgreSQL, Git", "description": "<p>Наши основные направления: e-commerce, геосервисы, мессенджеры, распознавание образов, автоматизация, телефония и стартапы. Заказчики - крупные финансовые, IT, продуктовые компании России. Ищем опытного фулл-тайм python-разработчика для работы над проектами нашей компании.</p> <p><b>Что ждем от кандидата:</b></p> <ul> <li>Опыт коммерческой разработки на Python/Django от 2-х лет;</li> <li>Знания SQL (Postgres);</li> <li>Опыт написания клиент-серверных приложений;</li> <li>Умение оценивать объем и сроки работ;</li> <li>Git, системы bug tracking.</li> </ul> <p><b>Чем будете заниматься:</b></p> <ul> <li>Участвовать во всём процессе разработки - от проектирования до запуска.</li> <li>Оптимизировать работу приложения.</li> </ul> <p><b>Плюшки:</b></p> <ul> <li>Оклад от 140 000 руб на руки.;</li> <li>Удаленное сотрудничество с выстроенными процессами;</li> <li>Оформление по ТК РФ.</li> <li>Амбициозные проекты, интересные с профессиональной точки зрения задачи;</li> <li>Команда профессионалов.</li> </ul> <p>В отклике обязательно сопроводительное письмо, почему именно вы подходите на эту вакансию.</p>"}}, {"model": "vacancies.vacancy", "pk": 6, "fields": {"title": "Middle C/C   разработчик", "specialty": "backend", "company": 3, "salary_from": 100000, "salary_to": 200000, "published_at": "2021-05-03T13:01:32.833Z", "skills": "C, C  , Git, ООП, Базы данных", "description": "<p>Развиваем приложение для изучения китайских слов и иероглифов. Хороши в контенте и дизайне, но не хватает правильного разработчика/разработчиков. Наша цель — сделать лидирующий мировой сервис для изучения китайского языка. В связи с чем ищем на полную или частичную удалённую занятость Senior/Middle iOS разработчика.</p> <p><b>Стек технологий:</b></p> <ul> <li>Swift</li> <li>Combine</li> <li>CoreData</li> <li>UI Constraints</li> <li>Git</li> </ul> <p><b>Что ожидаем от вас:</b></p> <ul> <li>студенты старших курсов и выпускники ВУЗов по Computer Science;</li> <li>понимание принципов ООП;</li> <li>владение английским языком (минимум Intermediate);</li> <li>готовность работать в команде;</li> <li>инициативность;</li> <li>ответственность и умение планировать своё время;</li> <li>умение понимать текущие задачи компании;</li> <li> понимание разницы между делать и сделать</li> </ul> <p>Предлагаем хорошую зарплату по рынку.</p>"}}, {"model": "vacancies.vacancy", "pk": 7, "fields": {"title": "Веб-дизайнер", "specialty": "design", "company": 1, "salary_from": 130000, "salary_to": 130000, "published_at": "2021-05-05T10:01:02.856Z", "skills": "Illustrator, Photoshop, InDesign", "description": "<p>Мы приглашаем талантливого дизайнера в нашу команду для работы над продвижением одних из наиболее популярных надстроек над Atlassian Jira и других наших продуктов по управлению проектами.</p>\r\n\r\n <p><b>Что ожидаем от вас:</b></p> \r\n\r\n<ul>\r\n <li>Профильный опыт от 3 лет в разработке айдентики и веб-проектов</li>\r\n<li>Безупречное чувство художественного вкуса и стиля, знание современных трендов в графическом дизайне и дизайне веб-интерфейсов</li> \r\n<li>Умение и желание создавать уникальный художественный контент</li>\r\n<li>Рисунок от руки</li> \r\n<li>Устный и письменный английский язык (intermediate и выше)</li> \r\n<li>Наличие портфолио (графика, айдентика, web) – обязательно.</li>\r\n </ul>"}}, {"model": "vacancies.vacancy", "pk": 8, "fields": {"title": "Дизайнер middle ", "specialty": "design", "company": 2, "salary_from": 50000, "salary_to": 80000, "published_at": "2021-05-05T10:04:29.092Z", "skills": "Illustrator, Photoshop, InDesign", "description": "<p>11 лет занимаемся развитием собственных IT продуктов. Например: Biz-cen.ru — айрбнб для офисной коммерческой недвижимости. И Lashoestring.com — проект по продаже антиквариата со складом в Оксфорде, Британия.</p>\r\n\r\n <p><b>У нас вы получите:</b></p>\r\n\r\n <ul> \r\n<li>молодое и адекватное окружение;</li>\r\n <li>работу в компании, которая приносит реальную пользу клиентам;</li>\r\n <li>научим строить и организовывать процессы с другими людьми;</li> \r\n<li>постоянно развитие — купим книги и оплатим нужные курсы.</li>\r\n</ul>\r\n\r\n <p><b>Обязанности:</b></p> \r\n\r\n<ul>\r\n <li>подготовка и защита прототипов сайтов и приложений;</li>\r\n<li>анализ графических решений конкурентов, в схожей с задачей вертикали, для поиска наилучших интерфейсных и графических решений;</li> \r\n<li>подготовить графические, презентационные материалы для офиса в UK;</li>\r\n<li>взаимодействие с технической командой, проектным менеджером;</li> \r\n<li>свободный разговорный английский и опыт работы в студии или агентстве будет плюсом.</li> \r\n </ul>"}}, {"model": "vacancies.vacancy", "pk": 9, "fields": {"title": "Графический дизайнер", "specialty": "design", "company": 3, "salary_from": 30000, "salary_to": 45000, "published_at": "2021-05-05T10:07:13.491Z", "skills": "Adobe Photoshop, Illustrator", "description": "<p>Ищем специалиста, который не боится рутины, способен создавать качественные изображения товаров, продумывать общий дизайн, работать с брендингом на маркетплейсах и заинтересован в сотрудничестве на постоянной основе.</p>\r\n\r\n <p><b>Что будет входить в ваши обязанности:</b></p>\r\n\r\n <ul> \r\n<li>Разработка дизайна карточек товаров;</li>\r\n <li>Создание изображений товаров на ведущих российских (Ozon, Wildberries, Беру) и зарубежных (Amazon, Ebay, Aliexpress) маркетплейсах;</li>\r\n <li>Разработка макетов упаковки;</li> \r\n<li>Дизайн печатной продукции.</li>\r\n</ul>\r\n\r\n <p><b>Что ожидаем от вас:</b></p> \r\n\r\n<ul>\r\n <li>Знание современных трендов графического дизайна;</li>\r\n<li>Релевантный опыт работы, портфолио;</li> \r\n<li>Желание расти и развиваться в сфере дизайна.</li>\r\n </ul>"}}, {"model": "vacancies.vacancy", "pk": 10, "fields": {"title": "Помощник дизайнера", "specialty": "design", "company": 4, "salary_from": 20000, "salary_to": 60000, "published_at": "2021-05-05T10:09:06.958Z", "skills": "3D Max, Adobe Photoshop", "description": "<p>Требуется помощник дизайнера интерьеров / визуализатор\r\nРабота над проектами спа-зон, бань, саун, террас из дерева</p>\r\n\r\n <p><b>Требования:</b></p>\r\n\r\n <ul> \r\n<li>Приветливость, доброжелательность, желание работать.</li>\r\n <li>Опыт работы в 3D Max, Adobe Photoshop</li>\r\n <li>Высшее профильное образование в сфере дизайна</li> \r\n</ul>\r\n\r\n <p><b>Обязанности:</b></p> \r\n\r\n<ul>\r\n <li>Исполнение визуализации по заданию главного дизайнера</li>\r\n </ul>"}}, {"model": "vacancies.vacancy", "pk": 11, "fields": {"title": "Дизайнер-верстальщик", "specialty": "design", "company": 7, "salary_from": 45000, "salary_to": 45000, "published_at": "2021-05-05T10:17:37.461Z", "skills": "PhotoShop, Acrobat, Illustrator, Bridge", "description": "<p><b>Обязанности</b></p>\r\n\r\n <ul> \r\n<li>Разработка проектов художественного и технического оформления издания.</li>\r\n <li>Верстка полноцветных полос.</li>\r\n <li>Верстка кроссвордов, конкурсных купонов, рекламных модулей, публикуемых в изданиях.</li> \r\n<li>Внесение литературных и корректорских правок.</li>\r\n <li>Техническое редактирование изображений издания (ретушь, цветокоррекция и пр.).</li> \r\n</ul>\r\n\r\n <p><b>Требования:</b></p> \r\n\r\n<ul>\r\n <li>Опыт работы по специальности от 3 лет в печатных СМИ.</li>\r\n<li>Художественный вкус, инициативность, внимательность, ответственность.</li>\r\n </ul>"}}, {"model": "vacancies.vacancy", "pk": 12, "fields": {"title": "UX/UI дизайнер", "specialty": "design", "company": 8, "salary_from": 50000, "salary_to": 70000, "published_at": "2021-05-05T10:20:56.285Z", "skills": "Photoshop, Illustrator, InDesign, Figma, HTML / CSS", "description": "<p>В данный момент мы ищем талантливого и увлеченного своей работой UX/UI designer, желающего сделать карьеру в нашей компании.\r\n\r\nВы должны гореть своим делом, генерировать и реализовывать идеи, учиться на своих ошибках, постоянно совершенствоваться и развиваться.</p>\r\n\r\n <p><b>Обязанности:</b></p>\r\n\r\n <ul> \r\n<li>Создание логических и визуальных интерфейсов для двух коммерческих сайтов, онлайн-магазина, их мобильных версий (проектирование/перепроектирование);</li>\r\n <li>Подготовка интерфейсов для внутренней системы управления предприятием, визуальная поддержка прототипирования и usability tests;</li>\r\n <li>Верстка интерфейсов всех страниц (не \"программинг\"), разработка базовых стилей CSS для последующей реализации;</li> \r\n<li>Создание единых библиотек компонентов и стилей интерфейсов для программных продуктов;</li>\r\n <li>Консультирование разработчиков по вопросам UI/UX (тесное взаимодействием с архитектором экосистемы, программными разработчиками, графическими дизайнерами);</li>\r\n <li>Подготовка интерфейсов для использования в целях маркетинга (премиальный сектор);</li> \r\n <li>Полный Quality assurance/quality control (QA/QC) и авторский надзор выпускаемых программных продуктов.</li>  \r\n</ul>\r\n\r\n <p><b>Требования:</b></p> \r\n\r\n<ul>\r\n <li>Наличие портфолио (ссылка в сопроводительном письме или на почту!);</li>\r\n<li>Понимание возможностей HTML, CSS и прочих инструментов веб-верстки;</li> \r\n<li>Отличное владение: Photoshop, Illustrator, InDesign, PowerPoint;</li>\r\n<li>Чувство стиля;</li> \r\n<li>Активная жизненная позиция, умение отстаивать предложенные решения со ссылками на best practice UI/UX;</li> \r\n<li>Работоспособность, ответственность;</li>\r\n <li>Высокая стрессоустойчивость;</li>\r\n </ul>"}}, {"model": "vacancies.vacancy", "pk": 13, "fields": {"title": "DevOps engineer (Kubernetes)", "specialty": "devops", "company": 1, "salary_from": 100000, "salary_to": 150000, "published_at": "2021-05-05T10:24:57.956Z", "skills": "Linux, Python, Bash, CI/CD, Kubernetes, SRE", "description": "<p>Мы делаем продукты простыми и удобными и для пользователей. Выпускаем продуктовый функционал со сложной механикой внутри, постоянно пересматриваем привычные для рынка методы работы и стремимся быть лучшими на рынке.\r\n\r\nВ связи с активным развитием компании и продуктов мы ищем профессионалов своего дела, которые присоединятся к нашей международной команде.</p>\r\n\r\n <p><b>Требования:</b></p>\r\n\r\n <ul> \r\n<li>Опыт работы на аналогичной позиции - от 2-х лет;</li>\r\n <li>Знания Linux-систем - на уровне системного администратора;</li>\r\n <li>Опыт работы с Kubernetes;</li> \r\n<li>Понимание принципов работы высоконагруженных веб-приложений;</li>\r\n <li>Понимание принципов работы СУБД;</li> \r\n</ul>\r\n\r\n <p><b>Что будет плюсом:</b></p> \r\n\r\n<ul>\r\n <li>Опыт работы с Teamcity;</li>\r\n<li>Знание Prometheus/Grafana;</li> \r\n<li>Опыт использования NoSQL-решений (MongoDB, Redis);</li>\r\n<li>Знание RabbitMQ;</li> \r\n<li>Знание Postgresql.</li> \r\n </ul>"}}, {"model": "vacancies.vacancy", "pk": 14, "fields": {"title": "DevOps Engineer", "specialty": "devops", "company": 2, "salary_from": 140000, "salary_to": 200000, "published_at": "2021-05-05T10:27:51.627Z", "skills": "Nginx, Zabbix, Администрирование серверов, Linux, PostgreSQL, MySQL", "description": "<p>Мы ищем DevOps Engineer для развития и поддержания биржевого SaaS решения.</p>\r\n\r\n <p><b>Мы ожидаем:</b></p>\r\n\r\n <ul> \r\n<li>Опыт администрирования Linux (Ubuntu/Debian);</li>\r\n <li>Опыт работы с системами управления конфигурациями (предпочтительно Ansible);</li>\r\n <li>Опыт настройки систем мониторинга (Zabbix/Grafana)</li> \r\n<li>Опыт настройки ELK</li>\r\n <li>Опыт настройки Jenkins/Giltab CI/CD</li> \r\n<li>Nginx, HAProxy, MySQL, PostgreSQL, RabbitMQ, Clickhouse</li> \r\n<li>Знание систем виртуализации (LXC/KVM)</li>\r\n<li>Опыт поддержки сервисов с доступностью 24/7</li> \r\n<li> Представление об информационной безопасности</li> \r\n</ul>\r\n\r\n <p><b>Что делать:</b></p> \r\n\r\n<ul>\r\n <li>Обеспечивать отказоустойчивость распределенных систем</li>\r\n<li>Настраивать мониторинг (Zabbix/Grafana)</li> \r\n<li>Писать новые роли Ansible</li>\r\n<li>Поднимать и поддерживать новые серверы внутри private cloud</li> \r\n<li> Выкатывать новые сервисы</li> \r\n<li> Чинить прод и расследовать инциденты</li>\r\n <li>Следить за состоянием системы</li>\r\n </ul>"}}, {"model": "vacancies.vacancy", "pk": 15, "fields": {"title": "DevOps (Remote)", "specialty": "devops", "company": 3, "salary_from": 80000, "salary_to": 120000, "published_at": "2021-05-05T10:30:20.283Z", "skills": "Администрирование, IIS, Nginx, Docker, TFS, Atlassian, Jira, Redis", "description": "<p>В данный момент мы находимся в процессе дробления монолита на микросервисы и ищем человека, который поможет нам построить отказоустойчивую систему. </p>\r\n\r\n <p><b>Стек технологий:</b></p>\r\n\r\n <ul> \r\n<li>Proxmox</li>\r\n <li>Nginx</li>\r\n <li>IIS</li> \r\n<li>Gitlab </li>\r\n <li>RabbitMQ</li> \r\n</ul>\r\n\r\n <p><b>Что ожидаем от вас:</b></p> \r\n\r\n<ul>\r\n <li>опыт планирования серверной нагрузки</li>\r\n<li>понимание микросервисной архитектуры</li> \r\n<li>опыт администрирования Linux и Windows Server</li>\r\n<li>опыт администрирования MS SQL Server, MongoDB (backup, replication), MySQL, Redis</li> \r\n<li>опыт администрирования NGINX и IIS</li> \r\n<li>опыт сопровождения нагруженных веб-приложений</li>\r\n <li>опыт построения отказоустойчивых систем</li>\r\n </ul>"}}, {"model": "vacancies.vacancy", "pk": 16, "fields": {"title": "DevOps-инженер", "specialty": "devops", "company": 4, "salary_from": 120000, "salary_to": 120000, "published_at": "2021-05-05T10:32:31.215Z", "skills": "google cloud, ubuntu, kubernetes, nginx, nodejs, mongodb", "description": "<p>Для поддержки и развития инфраструктуры игрового проекта, в команду приглашается DevOps-инженер.</p>\r\n\r\n <p><b>Область ответственности:</b></p>\r\n\r\n <ul> \r\n<li>серверная инфраструктура</li>\r\n <li>мониторинг (логи, метрики, алерты)</li>\r\n <li>базы данных</li> \r\n<li>CI/CD пайплайн</li>\r\n</ul>\r\n\r\n <p><b>Условия работы:</b></p> \r\n\r\n<ul>\r\n <li>Оформление по ТК РФ;</li>\r\n<li>Белая заработная плата;</li> \r\n<li>Гибкий рабочий график;</li>\r\n<li>Обучающие лекции коллег;</li> \r\n<li>Чай, кофе, фрукты, снэки;</li> \r\n<li>Игровые консоли и настольный теннис в офисе;</li>\r\n <li>Вечерние сеансы настольных и консольных игр.</li>\r\n </ul> \r\n\r\n<p>Предлагаем хорошую зарплату по рынку.</p>"}}, {"model": "vacancies.vacancy", "pk": 17, "fields": {"title": "Junior DevOps Engineer", "specialty": "devops", "company": 5, "salary_from": 60000, "salary_to": 60000, "published_at": "2021-05-05T10:35:02.030Z", "skills": "Unix, Git, Linux, Docker, Bitbucket, Nginx, Prometheus, CI/CD", "description": "<p>Мы разрабатываем сервисы, инженерные системы и мобильные приложения. Делаем пространства умными, комфортными и удивительными.</p>\r\n\r\n <p><b>Задачи:</b></p>\r\n\r\n <ul> \r\n<li>Развертывание и непрерывная бесперебойная эксплуатация;</li>\r\n <li>Настройка и поддержка системы мониторинга Prometheus;</li>\r\n <li>Внедрение и настройка системы сбора, анализа и визуализации данных логов (Grafana или других);</li> \r\n<li>Поддержка процессов CI/CD;</li>\r\n <li>Настройка конфигураций приложений в Docker;</li> \r\n</ul>\r\n\r\n <p><b>Наши пожелания к тебе:</b></p> \r\n\r\n<ul>\r\n <li>Знание Linux на уровне администратора, Docker, сетевой стек и виртуализация;</li>\r\n<li>Опыт работы с системами контроля версии;</li> \r\n<li>Опыт работы с системами контейнеризации;</li>\r\n<li>Владение скриптовыми языками программирования, CI/CD инструментами.</li> \r\n </ul>"}}, {"model": "vacancies.vacancy", "pk": 18, "fields": {"title": "DevOps (Azure Pipelines)", "specialty": "devops", "company": 6, "salary_from": 90000, "salary_to": 150000, "published_at": "2021-05-05T10:37:06.963Z", "skills": "TFS, MS SQL Server, .NET Framework, Build engineer, DevOps", "description": "<p>The best-in-class systems that provide data collection, data science, technology and data-enabled marketing and incentive management capabilities to the agriculture, animal health, construction and industrial supply industries.</p>\r\n\r\n <p><bResponsibilities:</b></p>\r\n\r\n <ul> \r\n<li>Support for Continuous Integration, Continuous Testing and Continuous Delivery</li>\r\n <li>Configuration of Azure Pipelines</li>\r\n <li>Installation and configuration of Git, TFS, Docker</li> \r\n<li>Forward and reverse merge between branches and resolving merge conflicts</li>\r\n <li>Automating the build process</li> \r\n</ul>\r\n\r\n <p><b>Requirements:</b></p> \r\n\r\n<ul>\r\n <li>Higher technical education</li>\r\n<li>1  years of experience as a Build engineer/DevOps</li> \r\n<li>Excellent understanding of branching strategies</li>\r\n<li>Good communications</li> \r\n<li>Good English (communications with native speakers)</li> \r\n<li>Able to communicate effectively and in a friendly manner to get everyone to check-in their code and “turn their keys”</li>\r\n <li>Git and TFS configuration</li>\r\n </ul>"}}, {"model": "vacancies.vacancy", "pk": 19, "fields": {"title": "Web-разработчик", "specialty": "frontend", "company": 1, "salary_from": 50000, "salary_to": 55000, "published_at": "2021-05-05T10:40:00.802Z", "skills": "JavaScript, CSS, HTML, SQL", "description": "<p><b>Обязанности:</b></p>\r\n\r\n <ul> \r\n<li>Разработка и поддержка веб-сайтов (сайты-визитки, e-commerce, фронтенд к ERP, корпоративные сайты) на системах CMS WordPress и Shopify</li>\r\n <li>Разработка и внедрение нового функционала на сайтах</li>\r\n <li>Оптимизация скорости загрузки сайтов (в т. ч. работа с ресурсами, настройками сервера)</li> \r\n<li>Внесение правок по ТЗ для SEO (аналитика не требуется)</li>\r\n <li>Поддержка существующего функционала на сайтах, обновление плагинов</li> \r\n</ul>\r\n\r\n <p><b>Что ожидаем от вас:</b></p> \r\n\r\n<ul>\r\n <li>Решение задач заказчика возможно до обеда по тихоокеанскому времени (20-23 мск)</li>\r\n<li>Отличное знание JavaScript, PHP, CSS‚ HTML‚ опционально — SQL</li> \r\n<li>Верстка под популярные браузеры, в т.ч. мобильные версии сайтов</li>\r\n<li>Знание Laravel, Symfony и иных php-фреймворков — опционально</li> \r\n<li>Отличное знание Wordpress, опционально — опыт с Shopify</li> \r\n<li>Опыт работы с Bootstrap и подобными шаблонизаторами, сетками\r\nFlexbox, CSS Grid (опционально)</li>\r\n <li>Опыт работы с личными кабинетами импортных хостинг-площадок (GoDaddy etc)</li>\r\n </ul>"}}, {"model": "vacancies.vacancy", "pk": 20, "fields": {"title": "Frontend разработчик (React.js)", "specialty": "frontend", "company": 8, "salary_from": 180000, "salary_to": 180000, "published_at": "2021-05-05T10:42:04.834Z", "skills": "JavaScript, React.js, Git, Английский язык", "description": "<p>Разрабатываем три продукта параллельно, распределяем силы по проектам в зависимости от загруженности разработчиков и сложности задач. На Frontend есть несколько микрокоманд по 2-3 человека.</p>\r\n\r\n <p><b>Вам предстоит:</b></p>\r\n\r\n <ul> \r\n<li>Построение компонентов для интерфейсов сервисов</li>\r\n <li>Работа с Redux</li>\r\n <li>Использование REST API</li> \r\n<li>Создание бизнес-логики для различных операций с данными на стороне клиента</li>\r\n <li>Совместная разработка с использованием Git (Feature Branch workflow)</li> \r\n</ul>\r\n\r\n <p><b>Ждем, что вы:</b></p> \r\n\r\n<ul>\r\n <li>Говорите по-английски (на уровне Intermediate и выше)</li>\r\n<li>Отлично знаете Javascript</li> \r\n<li>Работали с любой из библиотек JS не менее 3-х лет, а с React.js — не менее года</li>\r\n<li>Используете Webpack для сборки</li> \r\n<li>Понимаете принципы работы клиент-серверных приложений, работали с REST API</li> \r\n </ul>"}}, {"model": "vacancies.vacancy", "pk": 21, "fields": {"title": "Junior Frontend-разработчик", "specialty": "frontend", "company": 7, "salary_from": 30000, "salary_to": 40000, "published_at": "2021-05-05T10:45:48.812Z", "skills": "Less, Git, CSS3, HTML5, JavaScript, React", "description": "<p>В департамент маркетинга гостиничной управляющей компании требуется Frontend-разработчик уровня Junior . Вам предстоит совместно с маркетологами, дизайнерами и подрядчиками реализовывать уникальные и крутые IT решения. Мы ждем инициативного, ответственного и позитивного специалиста, который со своими молодыми и энергичными коллегами сделают IT переворот в гостиничной отрасли.</p>\r\n\r\n <p><b>Обязанности:</b></p>\r\n\r\n <ul> \r\n<li>Верстка страниц из PSD и Figma макетов с помощью React</li>\r\n <li>Поддержка существующих проектов на стеке React/styled-components/SASS/LESS</li>\r\n <li>Разработка новых проектов</li> \r\n</ul>\r\n\r\n <p><b>Требования:</b></p> \r\n\r\n<ul>\r\n <li>HTML5, CSS3 (flexbox, grid layout, media queries, pixel ratio).</li>\r\n<li>Знание нативного JS.</li> \r\n<li>Знание React на начальном уровне.</li>\r\n<li>Опыт работы с Git</li> \r\n<li>Наличие портфолио с вашими работами, или ссылку на git-репозиторий</li> \r\n<li>Умение работать с API сторонних сервисов (как минимум подключать их)</li>\r\n </ul>"}}, {"model": "vacancies.vacancy", "pk": 22, "fields": {"title": "Frontend developer (React)", "specialty": "frontend", "company": 6, "salary_from": 40000, "salary_to": 50000, "published_at": "2021-05-05T10:47:43.046Z", "skills": "PostgreSQL, Node.js, ООП, Unit Testing", "description": "<p><b>Стек технологий:</b></p>\r\n\r\n <ul> \r\n<li>Весь код пишем на Typescript;</li>\r\n <li>UI на React (hooks), Redux (@reduxjs/toolkit), styled-components;</li>\r\n <li>Бэкэнд на Node.js, express, PostgreSQL;</li> \r\n<li>Смарт-контракты на Solidity, взаимодействуем с ними через web3;</li>\r\n <li>Сборка через webpack v5;</li> \r\n</ul>\r\n\r\n <p><b>С чем предстоит работать:</b></p> \r\n\r\n<ul>\r\n <li>Разрабатывать ядро платформы KYC и документооборота на базе блокчейна.</li>\r\n\r\n </ul>"}}, {"model": "vacancies.vacancy", "pk": 23, "fields": {"title": "Frontend Developer (React)", "specialty": "frontend", "company": 4, "salary_from": 60000, "salary_to": 80000, "published_at": "2021-05-05T10:49:16.672Z", "skills": "React, Redux", "description": "<p>На проект разработки социальной сети для профессионалов (по типу LinkedIn) мы ищем уверенного frontend developer с опытом работы в стеке react/redux, который быстро вольётся в рабочий процесс и станет частью нашей команды.</p>\r\n\r\n <p><b>Обязанности</b></p>\r\n\r\n <ul> \r\n<li>Проектирование архитектурных решений и компонентов;</li>\r\n <li>Имплементация новых фич, багфиксинг;</li>\r\n <li>Написание unit-тестов;</li> \r\n<li>Взаимодействие с командой и заказчиками.</li>\r\n</ul>\r\n\r\n <p><b>Что ожидаем от вас:</b></p> \r\n\r\n<ul>\r\n <li>JavaScript ( ES5, ES6 ), HTML5, CSS3;</li>\r\n<li>React, Redux (опыт от 2-х лет);</li> \r\n<li>Уровень английского языка желательно не ниже Upper-Intermediate.</li>\r\n\r\n </ul>"}}, {"model": "vacancies.vacancy", "pk": 24, "fields": {"title": "React разработчик (junior)", "specialty": "frontend", "company": 8, "salary_from": 50000, "salary_to": 90000, "published_at": "2021-05-05T10:51:09.839Z", "skills": "HTML5, CSS3, JavaScript, Linux, Git, React", "description": "<p>Пользовательский интерфейс Платформы — это набор современных сложных веб-приложений на базе ES6 /Typescript/React/Redux. И сейчас мы ищем фронтенд-специалиста, который смог бы взять на себя часть задач по разработке веб-приложений в рамках нашего продукта.</p>\r\n\r\n <p><b>Требования к кандидатам:</b></p>\r\n\r\n <ul> \r\n<li>JavaScript / Typescript (ES6 ), CSS3, HTML5;</li>\r\n <li>Опыт продуктовой разработки веб-приложений от 1 года;</li>\r\n <li>Опыт разработки SPA в стеке React/Redux;</li> \r\n<li>Умение работать с git.</li>\r\n</ul>\r\n\r\n <p><b>Мы используем:</b></p> \r\n\r\n<ul>\r\n <li>Frontend: JavaScript / Typescript (ES6 ), React / Redux, LESS / PostCSS, npm / Webpack / Babel, AntDesign;</li>\r\n<li>Backend: Scala/Java (Play, Slick, Guice), PostgreSQL, C  , компьютерное зрение, нейросети;</li> \r\n<li>Инструменты: Youtrack, Confluence, Rocket.Chat, git, Jenkins, преимущественно Linux (debian-based).</li>\r\n </ul>"}}, {"model": "vacancies.vacancy", "pk": 25, "fields": {"title": "Junior Game Designer", "specialty": "gamedev", "company": 6, "salary_from": 50000, "salary_to": 60000, "published_at": "2021-05-05T10:54:15.577Z", "skills": "Unity, Android, Английский язык", "description": "<p>Нам не важно в каком ты городе или стране - работать можно как из офиса в СПБ, так и удаленно. Главное для нас - это любовь к своему делу и желание делать лучшее, что есть в мире. Это то, что нас объединяет.</p>\r\n\r\n <p><b>ТРЕБОВАНИЯ:</b></p>\r\n\r\n <ul> \r\n<li>Знание производственного цикла фичей</li>\r\n <li>Способность ясно выражать мысли</li>\r\n <li>Способность структурно презентовать идеи</li> \r\n<li>Проактивность</li>\r\n <li>Интерес к работе с цифрами мидкорного F2P проекта</li> \r\n</ul>\r\n\r\n <p><b>БУДЕТ ПЛЮСОМ:</b></p> \r\n\r\n<ul>\r\n <li>Знание жанра РТС</li>\r\n<li>Опыт работы с геймплеем и метой мидкорного F2P проекта</li> \r\n<li>Опыт работы с балансом</li>\r\n<li>Умение работать в Unity 3D</li> \r\n<li>Понимание технической части проекта или умение программировать</li> \r\n<li>Хороший уровень английского</li>\r\n </ul>"}}, {"model": "vacancies.vacancy", "pk": 26, "fields": {"title": "3D Аниматор", "specialty": "gamedev", "company": 3, "salary_from": 40000, "salary_to": 50000, "published_at": "2021-05-05T10:56:24.183Z", "skills": "Autodesk Maya, 3D Моделирование, 3ds Max", "description": "<p><b>Обязанности</b></p>\r\n\r\n <ul> \r\n<li>Создание анимаций для 3D моделей персонажей и объектов</li>\r\n <li>Keyframe анимация персонажей</li>\r\n <li>Работа в команде, следование плану-графику,</li> \r\n</ul>\r\n\r\n <p><b>Требования:</b></p> \r\n\r\n<ul>\r\n <li>Опыт работы с 3D анимацией (риг   скин   контролы)</li>\r\n<li>Понимание базовых принципов анимации и технических аспектов мобильной разработки</li> \r\n<li>Знание критериев топологии персонажа для 3d анимации</li>\r\n<li>Опыт работы в сфере 3D моделирования (умение править модели при необходимости)</li> \r\n<li>Наличие портфолио с анимацией</li> \r\n\r\n </ul>"}}, {"model": "vacancies.vacancy", "pk": 27, "fields": {"title": "Middle Game Designer", "specialty": "gamedev", "company": 4, "salary_from": 155000, "salary_to": 55000, "published_at": "2021-05-05T10:58:04.118Z", "skills": "Unity, Английский язык, game design", "description": "<p>Мы ищем специалиста, который дополнит нашу команду,</p>\r\n\r\n <p><b>Требования</b></p>\r\n\r\n <ul> \r\n<li>Опыт работы в качестве геймдизайнера от 1-го года.</li>\r\n <li>Богатое воображение.</li>\r\n <li>Умение правильно излагать свои мысли как устно, так и письменно.</li> \r\n<li>Аналитический склад ума.</li>\r\n <li>Владение математическими знаниями.</li> \r\n</ul>\r\n\r\n <p><b>Задачи:</b></p> \r\n\r\n<ul>\r\n <li>Разработка концепции и дизайна игры.</li>\r\n<li>Разработка новых и поддержка старых проектов.</li> \r\n<li>Работа над сценарием.</li>\r\n<li>Участие в разработке игровых механик</li> \r\n\r\n\r\n </ul>"}}, {"model": "vacancies.vacancy", "pk": 28, "fields": {"title": "2D аниматор Motion designer", "specialty": "gamedev", "company": 3, "salary_from": 30000, "salary_to": 45000, "published_at": "2021-05-05T10:59:40.597Z", "skills": "Adobe After Effect, Анимация, Работа в команде, Adobe Photoshop", "description": "<p><b>Обязанности:</b></p>\r\n\r\n <ul> \r\n<li>Создание 2D-анимаций персонажей и объектов</li>\r\n <li>Создание 2D промо-роликов</li>\r\n <li>Создание спецэффектов</li> \r\n<li>Работа в команде, следование плану-графику,</li>\r\n\r\n</ul>\r\n\r\n <p><b>Что ожидаем от вас:</b></p> \r\n\r\n<ul>\r\n <li>Опыт работы с 2D анимацией (After Effect, Spine)</li>\r\n<li>Понимание базовых принципов анимации и технических аспектов мобильной разработки</li> \r\n<li>умение работать с 2D графикой, подготовить файлы для анимации (при необходимости)</li>\r\n<li>Наличие портфолио с анимацией</li> \r\n<li>Будет плюсом знание экспорта и настройки анимаций в Unity</li> \r\n\r\n\r\n </ul>"}}, {"model": "vacancies.vacancy", "pk": 29, "fields": {"title": "Game Designer (Гейм дизайнер)", "specialty": "gamedev", "company": 2, "salary_from": 45000, "salary_to": 60000, "published_at": "2021-05-05T11:01:44.852Z", "skills": "Unity, game design, Гейм дизайн", "description": "<p>Мы data-driven компания, то есть мы не разрабатываем месяцами проекты, которые не имеют шансов на успех. Вместо этого мы тестируем много прототипов, а сама разработка разбита на итераций и после каждой мы проверяем метрики и развиваем лишь то, что рынок оценивает позитивно.</p>\r\n\r\n <p><b>Пул задач:</b></p>\r\n\r\n <ul> \r\n<li>Разработка и презентация концептов мобильных игр в жанре idle/hypercasual</li>\r\n <li>Детальная проработка GDD, планирование экономики игры до начала разработки</li>\r\n <li>Разработка прототипа игры, проверка основных механик и оценка жизнеспособности</li> \r\n<li>Роль Product Manager в команде с художником, unity-разработчиком, 3d-моделером</li>\r\n <li>Настройка игрового баланса, создание уровней, планирование монетизации</li> \r\n</ul>\r\n\r\n <p><b>Что ожидаем от вас:</b></p> \r\n\r\n<ul>\r\n <li>Опыт работы над играми, дошедшими до релиза и выпущенными в App Store или Google Play</li>\r\n<li>Понимание основных метрик аналитики: Retention, DAU, ARPU, ARPDAU</li> \r\n<li>Умение четко и понятно излагать свои идеи как в устной, так и в письменной форме</li>\r\n<li>Понимание основных игровых механик и способов их реализации</li> \r\n<li>Английский язык не ниже upper-intermediate(B2)</li> \r\n<li>Хорошее знание математики, построение и проверка гипотез на собранных данных</li>\r\n </ul>"}}, {"model": "vacancies.vacancy", "pk": 30, "fields": {"title": "2D-художник (adult content)", "specialty": "gamedev", "company": 4, "salary_from": 50000, "salary_to": 80000, "published_at": "2021-05-05T11:04:23.262Z", "skills": "Adobe Photoshop, Анимация, Unity, Рисунок", "description": "<p>Мы увеличиваем команду и ищем опытного 2D Художника.</p>\r\n\r\n <p><b>Основные задачи и обязанности:</b></p>\r\n\r\n <ul> \r\n<li>Понимание основ анатомии и человеческих пропорций;</li>\r\n <li>Умение рисовать по заданной стилистике;</li>\r\n <li>Подготовка промо материалов;</li> \r\n<li>БОЛЬШИМ ПЛЮСОМ БУДЕТ УМЕНИЕ РИСОВАТЬ В СТИЛЕ АНИМЕ;</li>\r\n</ul>\r\n\r\n <p><b>Требования:</b></p> \r\n\r\n<ul>\r\n <li>Важно! Готовность работать с проектами с категорией 18  (M, R rated);</li>\r\n<li>Наличие портфолио;</li> \r\n<li>Умение рисовать руками на графическим планшете;</li>\r\n<li>Понимание особенностей игрового арта;</li> \r\n<li>Владение Adobe Photoshop;</li> \r\n </ul>"}}, {"model": "vacancies.vacancy", "pk": 31, "fields": {"title": "Менеджер", "specialty": "management", "company": 1, "salary_from": 45000, "salary_to": 45000, "published_at": "2021-05-05T11:06:24.862Z", "skills": "Активные продажи, Работа с дебиторской задолженностью, Поиск и привлечение клиентов", "description": "<p><b>Обязанности:</b></p>\r\n\r\n <ul> \r\n<li>Оформление заказов на отгрузку, документов;</li>\r\n <li>Ведение клиентов(город/порт), поиск;</li>\r\n <li>Продажа со склада;</li> \r\n<li>Контроль отгрузок, дебиторской задолженности;</li>\r\n <li>Заказ товаров, поддержание остатков;</li> \r\n</ul>\r\n\r\n <p><b>Что ожидаем от вас:</b></p> \r\n\r\n<ul>\r\n <li>Опыт работы c продуктами</li>\r\n<li>Умение проводить переговоры</li> \r\n<li>Активная жизненная позиция</li>\r\n </ul>"}}, {"model": "vacancies.vacancy", "pk": 32, "fields": {"title": "Менеджер", "specialty": "management", "company": 6, "salary_from": 40000, "salary_to": 50000, "published_at": "2021-05-05T11:08:09.996Z", "skills": "Управление временем, Многозадачность, Работа с людьми", "description": "<ul> \r\n<li>8 лет успешной работы</li>\r\n <li>100 городов присутствия и 4 страны\r\n</li>\r\n <li>4000  специалистов по недвижимости\r\n</li> \r\n<li>Входим в TOП-3 лучших риэлторских\r\nкомпаний России</li>\r\n <li>Мы первые, кто получил образовательную\r\nлицензию, дающую право на обучение профессии\r\nи выдачу диплома государственного образца</li> \r\n</ul>"}}, {"model": "vacancies.vacancy", "pk": 33, "fields": {"title": "Product manager", "specialty": "products", "company": 5, "salary_from": 150000, "salary_to": 150000, "published_at": "2021-05-05T11:10:54.727Z", "skills": "E-Commerce, Деловая коммуникация, Работа в команде, Логистика", "description": "<p>Мы разрабатываем собственные решения для повышения эффективности логистических бизнес-процессов как наших клиентов - интернет-магазинов, так и наших партнёров, обеспечивающих доставку и выдачу заказов получателю.</p>\r\n\r\n <p><b>Обязанности:</b></p>\r\n\r\n <ul> \r\n<li>Коммуникация со всеми участвующими в жизненном цикле проекта сторонами — представителями бизнес-заказчика, внешними и внутренними исполнителями;</li>\r\n <li>Формирование и аргументированное отстаивание видения продукта, консультирование по техническим вопросам;</li>\r\n <li>Декомпозиция и заведение эпиков и задач, участие в составлении и поддержании дорожной карты;</li> \r\n<li>Планирование человеческих ресурсов команды разработки - поиск и подбор кандидатов, собеседования, адаптация;</li>\r\n <li>Организация планирования для команды разработки - выбор методик, настройка ClickUp или другого аргументировано предложенного вами таск-менеджера.</li> \r\n</ul>\r\n\r\n <p><b>Требования</b></p> \r\n\r\n<ul>\r\n <li>Опыт работы менеджером IT-проектов от 2 лет;</li>\r\n<li>Понимание цикла разработки, методов и методик управления проектами, знание принципов и правил проведения Customer Development, готовность к большому объему общения с пользователями;</li> \r\n<li>Опыт управления проектами в области e-commerce, желателен практический опыт работы в логистике e-commerce;</li>\r\n<li>Коммуникативные навыки, умение понять интересы разных сторон и привести их к разумному компромиссу или отстоять логичное и разумное решение;</li> \r\n<li>Системное мышление и структурированный подходом к решению задач, способность организовывать процессы и контролировать их;</li> \r\n<li>Способность разговаривать на одном языке с бизнесом и техническими специалистами, представление о стэке php(Laravel)/js(Vue);</li>\r\n <li>Огонь в глазах, желание решать сложные задачи.</li>\r\n </ul>"}}, {"model": "vacancies.vacancy", "pk": 34, "fields": {"title": "Менеджер по продукту UI/UX", "specialty": "products", "company": 4, "salary_from": 100000, "salary_to": 120000, "published_at": "2021-05-05T11:12:47.561Z", "skills": "SQL, Product Management, UX, UI, Python", "description": "<p><b>Обязанности</b></p>\r\n\r\n <ul> \r\n<li>Управление удаленной командой (backend и frontend разработчики, аналитики): постановка и приоритизация задач, контроль исполнения, работа с мотивацией.</li>\r\n <li>Увеличение метрик UI-конверсии в мобильной и desktop версиях сайта.</li>\r\n <li>Прогнозирование бизнес-результата на основе цифр, фактов и здравого смысла.</li> \r\n<li>Ответственность за unit-экономику продукта, бизнес-результат.</li>\r\n <li>Работа с Retention.</li> \r\n</ul>\r\n\r\n <p><b>Что ожидаем от вас:</b></p> \r\n\r\n<ul>\r\n <li>Опыт работы Product Manager или Product Owner в e-commerce (fintech, travel, онлайн-ритейл) от 2-х лет.</li>\r\n<li>Опыт развития и монетизации технически сложного продукта.</li> \r\n<li>Знание SQL/Python.</li>\r\n<li>Опыт проектирования пользовательских интерфейсов UI/UX.</li> \r\n<li>Понимание Agile-методологий управления продуктом.</li> \r\n<li>Умение просчитать бизнес-эффект до и после запуска.</li>\r\n <li>Высшее образование: техническое.</li>\r\n </ul> \r\n\r\n<p>Предлагаем хорошую зарплату по рынку.</p>"}}, {"model": "vacancies.vacancy", "pk": 35, "fields": {"title": "Продакт-менеджер", "specialty": "products", "company": 3, "salary_from": 60000, "salary_to": 80000, "published_at": "2021-05-05T11:14:21.181Z", "skills": "Проведение презентаций, Формирование портфеля, Английский язык", "description": "<p>Для нас важно, чтобы вы обладали техническими знаниями по выделенному направлению. Необходимое обучение и поддержку в работе мы готовы вам оказать.</p>\r\n\r\n <p><b>Обязанности:</b></p>\r\n\r\n <ul> \r\n<li>Участие в формировании и реализации стратегии развития направления - Оптоэлектроника;</li>\r\n <li>Формирование и развитие продуктового портфеля;</li>\r\n <li>Участие в подготовке маркетингового плана по направлению;</li> \r\n <li>Техническая поддержка заказчиков, отдела поставок;</li> \r\n</ul>\r\n\r\n <p><b>Что ожидаем от вас:</b></p> \r\n\r\n<ul>\r\n <li>Высшее техническое образование;</li>\r\n<li>Опыт работы на рынке электронных компонентов или профильных рынках;</li> \r\n<li>Наличие навыков в создании и управлении продуктового портфеля в сфере B2B;</li>\r\n<li>Хороший уровень письменного, устного и технического английского;</li> \r\n<li>Ответственность, исполнительность, обучаемость;</li> \r\n<li>Готовность к частым командировкам;</li>\r\n </ul> \r\n\r\n<p>Предлагаем хорошую зарплату по рынку.</p>"}}, {"model": "vacancies.vacancy", "pk": 36, "fields": {"title": "Тестировщик ПО / QA Engineer", "specialty": "testing", "company": 1, "salary_from": 50000, "salary_to": 50000, "published_at": "2021-05-05T11:16:47.995Z", "skills": "Atlassian, Jira, Test case", "description": "<p>Мы расширяем команду и открываем вакансию на позицию QA инженера. Мы ищем энтузиаста, который увлечен качеством опыта клиентов, готов приложить свои силы и талант к улучшению нашего продукта.</p>\r\n\r\n <p><b>Обязанности</b></p>\r\n\r\n <ul> \r\n<li>Ручное тестирование мобильных и комплексных web приложений;</li>\r\n <li>Тестирование интеграции наших сервисов с носимыми устройствами;</li>\r\n <li>Работа в международной команде совместно с командой разработки и проектирования;</li> \r\n<li>Участие в митингах, в том числе на английском языке;</li>\r\n <li>Внесение найденных дефектов в систему учета задач (Jira);</li> \r\n</ul>\r\n\r\n <p><b>Что ожидаем от вас:</b></p> \r\n\r\n<ul>\r\n <li>Понимание техник тест-дизайна;</li>\r\n<li>Умение грамотно описать проблему/задачу;</li> \r\n<li>Умение работать с документацией, описывать тест-кейсы и составлять чек-листы;</li>\r\n </ul>"}}, {"model": "vacancies.vacancy", "pk": 37, "fields": {"title": "Junior QA engineer", "specialty": "testing", "company": 4, "salary_from": 40000, "salary_to": 40000, "published_at": "2021-05-05T11:18:46.343Z", "skills": "Регресионное тестирование, HTML, SQL, Тестирование", "description": "<p>В нашей компании открыта вакансия на должность тестировщика (QA-инженера) в один из проектов.</p>\r\n\r\n <p><b>Обязанности тестировщика (чем нужно будет заниматься):</b></p>\r\n\r\n <ul> \r\n<li>Писать автоматические тесты и алгоритмы проверки для web-приложений</li>\r\n <li>Тестировать новый и существующий функционал проекта</li>\r\n <li>Вести протоколы тестирования</li>\r\n</ul>\r\n\r\n <p><b>Требования обязательные (какими навыками и знаниями нужно обладать):</b></p> \r\n\r\n<ul>\r\n <li>Практический опыт работы на должности тестировщика минимум 1 год (либо супер-высокая квалификация).</li>\r\n<li>Понимание базовых принципов тестирования.</li> \r\n<li>Базовые знания html/css/js/sql</li>\r\n </ul>"}}, {"model": "vacancies.vacancy", "pk": 38, "fields": {"title": "Junior QA Engineer", "specialty": "testing", "company": 8, "salary_from": 30000, "salary_to": 30000, "published_at": "2021-05-05T11:20:12.844Z", "skills": "QA", "description": "<p>В команду Durak Online 3D приглашается Junior QA Engineer (Младший инженер по контролю качества) с опытом тестирования мобильного ПО. Также рассмотрим кандидатов без опыта работы, но при условии наличия профильного образования (высшее техническое   курсы).</p>\r\n\r\n <p><b>Требуемый опыт и умения:</b></p>\r\n\r\n <ul> \r\n<li>Опыт тестирования мобильного ПО (Android, iOS) от 1 года;</li>\r\n <li>Игровой опыт на мобильных платформах;</li>\r\n <li>Понимание принципов процесса разработки и жизненного цикла ПО;</li> \r\n</ul>\r\n\r\n <p><b>Будет плюсом:</b></p> \r\n\r\n<ul>\r\n <li>Опыт тестирования проектов на движке Unity;</li>\r\n<li>Опыт работы с игровыми движками (Unity, Unreal Engine);</li> \r\n<li>Знание систем управления тестированием (testrail, testlink, QMetry);</li>\r\n </ul>"}}, {"model": "vacancies.vacancy", "pk": 39, "fields": {"title": "QA Engineer / Тестировщик ПО", "specialty": "testing", "company": 7, "salary_from": 45000, "salary_to": 55000, "published_at": "2021-05-05T11:21:30.100Z", "skills": "Тестирование, Тестирование пользовательского интерфейса", "description": "<p><b>Обязанности:</b></p>\r\n\r\n <ul> \r\n<li>Участие в планировании разработки очередного релиза</li>\r\n <li>Составление документации, необходимой для тестирования разрабатываемой функциональности (чек-листы, тест-планы, тест-кейсы)</li>\r\n <li>Тестирование разрабатываемой функциональности</li> \r\n</ul>\r\n\r\n <p><b>Мы ожидаем:</b></p> \r\n\r\n<ul>\r\n <li>Опыт работы в области тестирования ПО и QA от 1 года</li>\r\n<li>Понимание сути процессов разработки и контроля качества ПО</li> \r\n<li>Владение методиками, приёмами и инструментами тестирования ПО</li>\r\n </ul>"}}, {"model": "vacancies.application", "pk": 1, "fields": {"written_username": "денис", "written_phone": "79992313512", "written_cover_letter": "", "vacancy": 2, "user": "denis"}}, {"model": "vacancies.application", "pk": 2, "fields": {"written_username": "Сорокина Акра Павловна", "written_phone": " 7 (900) 284-23-24", "written_cover_letter": "Добрый день! Увидела объявление о вашей вакансии. Заранее благодарю Вас за уделенное моей кандидатуре время. С уважением.", "vacancy": 1, "user": "cheyz"}}, {"model": "vacancies.application", "pk": 3, "fields": {"written_username": "Семёнов Зельфик Геннадиевич", "written_phone": " 7 (900) 284-23-24", "written_cover_letter": "Я хотел бы работать в компании «АБВГД» программистом мобильных приложений. Мой опыт работы в программировании около 4 лет (последние 1,5 года занимаюсь разработкой приложений.", "vacancy": 1, "user": "cheyz"}}, {"model": "vacancies.application", "pk": 4, "fields": {"written_username": "денис", "written_phone": "79992116677", "written_cover_letter": "", "vacancy": 5, "user": "cheyz"}}, {"model": "vacancies.application", "pk": 5, "fields": {"written_username": "Петров Евгений Семенович", "written_phone": " 79992116677", "written_cover_letter": "Я хотел бы работать в компании «АБВГД» программистом мобильных приложений. Мой опыт работы в программировании около 4 лет (последние 1,5 года занимаюсь разработкой приложений.", "vacancy": 1, "user": "cheyz"}}, {"model": "vacancies.application", "pk": 6, "fields": {"written_username": "михаил", "written_phone": "79992223243", "written_cover_letter": "аыаыа", "vacancy": 4, "user": "cheyz"}}, {"model": "vacancies.application", "pk": 7, "fields": {"written_username": "Степанов Даниил Викторович", "written_phone": " 7 (900) 284-23-21", "written_cover_letter": "Я хотел бы работать в компании «АБВГД» программистом мобильных приложений. Мой опыт работы в программировании около 4 лет", "vacancy": 6, "user": "pidor"}}, {"model": "vacancies.application", "pk": 8, "fields": {"written_username": "Артемов Артем Витальевич", "written_phone": " 7(900)200-31-20", "written_cover_letter": "Я хотел бы работать в компании «АБВГД» программистом мобильных приложений. Мой опыт работы в программировании около 4 лет (последние 1,5 года занимаюсь разработкой приложений.", "vacancy": 6, "user": "dead_inside2011"}}, {"model": "vacancies.application", "pk": 9, "fields": {"written_username": "Чейз Иван Андреевич", "written_phone": " 7(999)220-32-41", "written_cover_letter": "Добрый день! Хочу у вас работать!", "vacancy": 3, "user": "look_job"}}, {"model": "vacancies.resume", "pk": 5, "fields": {"user": 9, "specialty": "devops", "name": "Иван", "surname": "Чейз", "status": "Не ищу работу", "salary": 10000, "education": "test2", "grade": "Синьор", "experience": "tEST", "portfolio": ""}}]